id,date,eps,revenue,capex
6146,2020-01-24,58.754232,34435.0,
6146,2020-06-26,76.729069,38785.0,
6146,2020-07-29,59.968501,35654.0,
6146,2020-10-27,93.742478,47561.0,
6146,2021-01-27,83.532285,44394.0,
6146,2021-06-29,124.528301,55248.0,
6146,2021-07-28,97.817344,48291.0,
6146,2021-10-27,166.403355,67791.0,
6146,2022-01-26,156.252597,64187.0,
6146,2022-06-29,191.155689,73512.0,
6146,2022-07-27,148.134807,59749.0,
6146,2022-10-25,227.492265,79532.0,
6965,2020-02-13,25.51083,34492.0,
6965,2020-05-14,32.646258,38483.0,
6965,2020-08-06,20.489235,30279.0,
6965,2020-12-18,28.085859,36997.0,
6965,2021-02-10,25.398383,36430.0,
6965,2021-05-13,44.256418,42912.0,
6965,2021-08-06,45.837962,42524.0,
6965,2021-12-17,46.322969,47160.0,
6965,2022-02-10,55.520032,47028.0,
6965,2022-05-13,82.312367,53488.0,
6965,2022-08-12,66.721347,51247.0,
6965,2022-12-16,62.148826,57040.0,
3088,2020-02-13,57.986828,145740.0,
3088,2020-06-26,70.845429,144438.0,
3088,2020-08-13,37.761215,131614.0,
3088,2020-11-13,57.019552,142232.0,
3088,2021-02-15,67.080358,147484.0,
3088,2021-06-29,48.249929,135577.0,
3088,2021-08-12,51.030988,137486.0,
3088,2021-11-15,49.954836,139517.0,
3088,2022-02-14,129.208842,230854.0,
3088,2022-06-28,41.112036,222112.0,
3088,2022-08-12,56.109416,227209.0,
3088,2022-11-14,74.97217,237866.0,
1812,2020-02-13,38.035112,490231.0,
1812,2020-06-26,66.206379,573322.0,
1812,2020-08-07,51.609806,440742.0,
1812,2020-11-11,49.576847,471862.0,
1812,2021-02-12,48.289047,476319.0,
1812,2021-06-28,43.583654,518253.0,
1812,2021-08-06,43.852414,453814.0,
1812,2021-11-10,55.75392,502305.0,
1812,2022-02-14,63.234356,526459.0,
1812,2022-06-29,45.194054,597117.0,
1812,2022-08-09,39.903581,499632.0,
1812,2022-11-11,71.244541,637840.0,
1878,2020-02-12,294.641901,375862.0,-8985.0
1878,2020-06-30,399.736079,440354.0,-2941.0
1878,2020-08-12,242.078439,355286.0,-2374.0
1878,2020-11-13,296.021789,379656.0,-1821.0
1878,2021-02-12,276.56411,374292.0,-1209.0
1878,2021-06-25,93.408223,379681.0,-2159.0
1878,2021-08-11,268.054536,373599.0,-981.0
1878,2021-11-12,371.538748,407896.0,-2385.0
1878,2022-02-14,285.597935,393749.0,-4215.0
1878,2022-06-30,96.39388,407759.0,-3811.0
1878,2022-08-10,267.515926,394129.0,-5008.0
1878,2022-11-14,264.355632,410943.0,-6030.0
1925,2020-02-14,72.743016,983966.0,
1925,2020-06-26,57.087782,1216854.0,
1925,2020-08-11,49.806117,892981.0,
1925,2020-11-12,89.070159,1073467.0,
1925,2021-02-10,97.696583,1037733.0,
1925,2021-06-29,60.828901,1122588.0,
1925,2021-08-10,58.938721,920658.0,
1925,2021-11-10,105.311437,1121524.0,
1925,2022-02-14,91.407856,1105003.0,
1925,2022-06-29,88.139905,1292351.0,
1925,2022-08-10,55.718577,1007795.0,
1925,2022-11-11,105.785368,1253534.0,
1928,2020-04-24,34.792922,679958.0,
1928,2020-06-12,44.849406,598096.0,
1928,2020-09-11,42.248916,569890.0,
1928,2020-12-14,43.310373,600900.0,
1928,2021-04-28,50.776127,678018.0,
1928,2021-06-11,53.203678,608590.0,
1928,2021-09-13,53.694692,615015.0,
1928,2021-12-14,64.19749,621207.0,
1928,2022-04-27,56.313363,744767.0,
1928,2022-06-13,85.39676,743671.0,
1928,2022-09-09,69.614975,679971.0,
1928,2022-12-14,68.927226,706436.0,
2269,2020-02-07,70.995781,333106.0,
2269,2020-06-26,51.189081,301523.0,
2269,2020-08-13,46.081837,281167.0,-18388.0
2269,2020-11-11,52.94373,303809.0,-12830.0
2269,2021-02-10,71.241014,315752.0,-11846.0
2269,2021-06-29,55.988587,291037.0,-19965.0
2269,2021-08-12,43.043322,235921.0,-17606.0
2269,2021-11-10,83.223081,264791.0,-28169.0
2269,2022-02-10,67.647955,269247.0,-14449.0
2269,2022-06-29,110.470613,243133.0,-28096.0
2269,2022-08-10,56.863371,247131.0,-14584.0
2269,2022-11-09,61.657012,270389.0,-17418.0
2267,2020-02-13,93.438284,110978.0,
2267,2020-08-12,71.270307,92528.0,
2267,2020-10-14,25.653829,93066.0,
2267,2020-11-13,64.159885,97900.0,
2267,2021-02-09,97.437239,105629.0,
2267,2021-06-24,11.997207,89649.0,
2267,2021-08-11,73.196731,96423.0,
2267,2021-11-12,86.237742,106573.0,
2267,2022-02-10,102.520306,113543.0,
2267,2022-06-23,18.13762,98577.0,
2267,2022-08-10,73.02887,107983.0,
2267,2022-11-11,99.122655,124802.0,
2502,2020-03-26,64.063427,538514.0,-20964.0
2502,2020-05-15,18.193491,409133.0,-19415.0
2502,2020-08-13,47.714874,465156.0,-15806.0
2502,2020-11-13,105.831001,597103.0,-23451.0
2502,2021-03-26,26.158988,556369.0,-22103.0
2502,2021-05-14,65.502323,456668.0,-19557.0
2502,2021-08-13,91.020197,576926.0,-18684.0
2502,2021-11-12,89.315632,586708.0,-22088.0
2502,2022-03-28,57.078487,615773.0,-20474.0
2502,2022-05-16,8.576392,496863.0,-19826.0
2502,2022-08-10,103.92694,654476.0,-18312.0
2502,2022-11-11,113.406225,698604.0,-23869.0
2503,2020-03-27,38.150418,503470.0,-25550.0
2503,2020-05-14,23.678551,424549.0,-22048.0
2503,2020-08-12,15.588112,447921.0,-27590.0
2503,2020-11-10,46.099133,487213.0,-23139.0
2503,2021-03-30,0.220691,489863.0,-20249.0
2503,2021-05-14,20.353569,409302.0,-18943.0
2503,2021-08-11,8.134577,454722.0,-19690.0
2503,2021-11-11,33.444458,462522.0,-24339.0
2503,2022-03-30,9.792583,495023.0,-23363.0
2503,2022-05-13,20.865298,416745.0,-17909.0
2503,2022-08-10,45.780856,500304.0,-19467.0
2503,2022-11-11,90.515457,540106.0,-25958.0
2801,2020-02-13,42.286535,123872.0,
2801,2020-06-23,16.606588,113120.0,
2801,2020-08-12,36.223655,108090.0,
2801,2020-11-13,39.93249,119432.0,
2801,2021-02-12,46.793526,120741.0,
2801,2021-06-22,39.359701,91148.0,
2801,2021-08-12,60.442939,123739.0,-5017.0
2801,2021-11-12,50.955779,124941.0,-5872.0
2801,2022-02-14,62.56,136179.0,-3367.0
2801,2022-06-21,28.961226,131580.0,-4441.0
2801,2022-08-12,63.314137,147748.0,-4169.0
2801,2022-11-14,58.3,157630.0,-5255.0
2802,2020-02-10,29.33343,293082.0,-15532.0
2802,2020-06-24,-7.902412,268239.0,-17406.0
2802,2020-08-07,40.776157,247927.0,-19301.0
2802,2020-11-10,26.096854,263455.0,-19834.0
2802,2021-02-10,47.396173,283556.0,-27129.0
2802,2021-06-23,-5.909036,276514.0,-10625.0
2802,2021-08-06,40.232358,276338.0,-26112.0
2802,2021-11-04,58.727276,273891.0,-20137.0
2802,2022-01-31,50.660755,303998.0,
2802,2022-06-23,-10.824656,295142.0,
2802,2022-08-08,51.708035,321619.0,-23384.0
2802,2022-11-09,35.953694,338234.0,-15830.0
2897,2020-02-05,116.90865,126683.0,-7704.0
2897,2020-06-25,35.21174,120835.0,-7752.0
2897,2020-08-05,116.107504,120561.0,-7539.0
2897,2020-11-06,94.823853,120570.0,-9200.0
2897,2021-02-03,137.340168,132727.0,-7745.0
2897,2021-06-25,43.649132,132248.0,-6818.0
2897,2021-08-05,76.014798,132457.0,-7440.0
2897,2021-11-05,89.485285,142579.0,-5277.0
2897,2022-02-03,132.575536,149758.0,-5828.0
2897,2022-06-28,45.448877,144927.0,-5213.0
2897,2022-08-04,73.83026,149263.0,-5534.0
2897,2022-11-10,97.092641,167691.0,-5102.0
3003,2020-03-17,32.871731,141558.0,
3003,2020-05-11,19.738801,78024.0,
3003,2020-08-05,21.494606,82241.0,
3003,2020-11-06,1.730632,26095.0,
3003,2021-03-16,52.272121,153285.0,
3003,2021-05-11,18.834819,91494.0,
3003,2021-08-05,34.968394,128573.0,
3003,2021-11-08,6.768184,45382.0,
3003,2022-03-15,38.891383,181628.0,
3003,2022-05-11,24.070314,106928.0,
3003,2022-08-04,24.52436,140501.0,
3003,2022-11-09,15.337858,151779.0,
3402,2020-02-12,12.822892,559063.0,
3402,2020-06-23,-6.530833,533211.0,
3402,2020-08-11,5.910222,397631.0,-33880.0
3402,2020-11-10,-3.118544,458438.0,-31228.0
3402,2021-02-12,14.641488,508137.0,-27225.0
3402,2021-06-22,11.181209,519394.0,-30150.0
3402,2021-08-06,18.574565,513672.0,-22566.0
3402,2021-11-11,19.488799,549306.0,-20349.0
3402,2022-02-14,17.730771,583894.0,-21464.0
3402,2022-06-23,-3.167951,581651.0,-27816.0
3402,2022-08-10,24.937937,605869.0,-23034.0
3402,2022-11-10,11.986875,655925.0,-21783.0
3407,2020-02-13,18.712887,519890.0,-33003.0
3407,2020-06-24,0.074955,563114.0,-40663.0
3407,2020-08-13,9.793209,455159.0,-27239.0
3407,2020-11-13,23.922296,534228.0,-30332.0
3407,2021-02-12,23.925796,547272.0,-28431.0
3407,2021-08-06,33.460801,583433.0,-28938.0
3407,2021-11-12,32.33232,597616.0,-35900.0
3407,2022-02-10,35.586629,643702.0,-28368.0
3407,2022-06-24,15.294556,636566.0,-49050.0
3407,2022-08-10,21.503074,670441.0,-33566.0
3407,2022-11-11,15.776674,680790.0,-44766.0
4005,2020-02-13,4.814664,543175.0,-25124.0
4005,2020-06-24,-4.070336,575071.0,-30085.0
4005,2020-08-11,-4.133947,500188.0,-28543.0
4005,2020-11-11,3.467898,546583.0,-28633.0
4005,2021-02-05,14.082637,595839.0,-32111.0
4005,2021-06-23,14.744694,644368.0,-31525.0
4005,2021-08-11,21.809999,638979.0,-22475.0
4005,2021-11-05,32.553915,686231.0,-25299.0
4005,2022-02-08,27.388169,712667.0,-30439.0
4005,2022-06-23,17.411307,727444.0,-29254.0
4005,2022-08-05,42.809374,774134.0,-37490.0
4005,2022-11-08,6.771394,754429.0,-31424.0
4188,2020-02-13,-3.553461,903077.0,-58428.0
4188,2020-06-24,-15.629819,849743.0,-60121.0
4188,2020-08-11,3.640604,722737.0,-58686.0
4188,2020-11-11,-38.626168,782079.0,-62390.0
4188,2021-02-10,1.307455,850625.0,-55370.0
4188,2021-06-24,28.353041,902094.0,-69964.0
4188,2021-08-10,35.141991,928264.0,-51781.0
4188,2021-11-11,24.79971,956831.0,-59948.0
4188,2022-02-10,26.013415,1015199.0,-63950.0
4188,2022-06-24,38.724069,1076654.0,-69172.0
4188,2022-08-09,31.57571,1106534.0,-64585.0
4188,2022-11-11,20.443288,1163274.0,-60278.0
4021,2020-02-13,20.644337,41576.0,-2388.0
4021,2020-06-25,90.847902,68795.0,-2341.0
4021,2020-08-13,52.374162,49280.0,-2049.0
4021,2020-11-13,43.548048,45214.0,-1976.0
4021,2021-02-12,30.921187,43734.0,-2023.0
4021,2021-06-25,105.009422,70893.0,-2206.0
4021,2021-08-12,61.731145,46499.0,-2812.0
4021,2021-11-12,52.181694,45308.0,-2440.0
4021,2022-02-10,65.660419,49530.0,-977.0
4021,2022-06-28,92.410274,66635.0,-5024.0
4021,2022-08-12,98.12862,58290.0,-3449.0
4021,2022-11-14,69.583382,51241.0,-4954.0
4063,2020-02-13,39.356336,387469.0,
4063,2020-06-29,32.317115,369514.0,
4063,2020-08-12,33.333814,359339.0,
4063,2020-11-12,34.15932,351187.0,
4063,2021-02-10,35.157453,379881.0,
4063,2021-06-30,38.703979,406499.0,
4063,2021-08-12,46.069808,434239.0,
4063,2021-11-11,60.267832,507102.0,
4063,2022-02-10,63.666259,542362.0,
4063,2022-06-30,70.760698,590725.0,
4063,2022-08-09,89.25623,656707.0,
4063,2022-11-11,102.010818,752629.0,
4091,2020-02-12,31.465913,210554.0,-17889.0
4091,2020-06-22,27.687721,216804.0,-18421.0
4091,2020-08-07,17.183012,184503.0,-15242.0
4091,2020-11-10,31.343587,200001.0,-13784.0
4091,2021-02-09,37.705285,207751.0,-14839.0
4091,2021-06-21,41.353939,225982.0,-16210.0
4091,2021-08-06,37.116117,218303.0,-15875.0
4091,2021-11-10,42.121414,229070.0,-17342.0
4091,2022-02-09,36.612532,244161.0,-17126.0
4091,2022-06-20,32.27506,265634.0,-24135.0
4091,2022-08-08,39.94666,276006.0,-19849.0
4091,2022-11-10,41.269599,297693.0,-22767.0
4151,2020-03-12,20.044429,80363.0,-1161.0
4151,2020-05-14,25.777997,77293.0,-3466.0
4151,2020-07-30,25.982234,80526.0,-2648.0
4151,2020-10-30,18.040848,76185.0,-1713.0
4151,2021-03-09,17.756039,84348.0,-2288.0
4151,2021-05-06,24.053298,81115.0,-2960.0
4151,2021-08-03,22.618071,83906.0,-169.0
4151,2021-11-01,14.583645,88948.0,-1769.0
4151,2022-03-08,36.177842,98277.0,-1624.0
4151,2022-05-10,29.84682,87751.0,-4211.0
4151,2022-08-04,35.311695,97520.0,-1462.0
4151,2022-11-04,26.412519,98504.0,-4103.0
4204,2020-02-12,22.713117,266792.0,-11509.0
4204,2020-06-23,41.246163,305947.0,-14071.0
4204,2020-08-07,-1.15423,214751.0,-13390.0
4204,2020-11-10,29.180899,275290.0,-16102.0
4204,2021-02-08,17.586749,266381.0,-12395.0
4204,2021-06-23,46.523023,300138.0,-13472.0
4204,2021-08-06,28.015656,248596.0,-8194.0
4204,2021-11-10,-36.829035,299346.0,-8588.0
4204,2022-02-09,37.431255,290709.0,-9149.0
4204,2022-06-22,54.790726,319294.0,-11066.0
4204,2022-08-08,33.079792,282271.0,-7890.0
4204,2022-11-09,56.222459,325494.0,-12331.0
4217,2020-02-12,35.155293,163070.0,-9923.0
4217,2020-06-23,-2.977677,151735.0,-10258.0
4217,2020-08-07,-419625000.0,126496.0,-11574.0
4217,2020-11-13,677375000.0,144840.0,-10833.0
4452,2020-03-25,92.815211,392911.0,-24010.0
4452,2020-05-13,55.446503,337767.0,-19686.0
4452,2020-08-13,49.768881,329391.0,-15827.0
4452,2020-11-10,73.483331,338102.0,-12119.0
4452,2021-03-26,83.588215,376737.0,-11764.0
4452,2021-05-13,53.609841,320558.0,-16117.0
4452,2021-08-12,56.527219,354621.0,-16533.0
4452,2021-11-12,62.319706,345780.0,-13588.0
4452,2022-03-25,58.173177,397809.0,-13713.0
4452,2022-05-13,38.498629,346795.0,-13589.0
4452,2022-08-10,43.675199,387106.0,-23397.0
4452,2022-11-10,41.654073,393809.0,-14784.0
4568,2020-02-06,35.936026,277459.0,-6229.0
4568,2020-06-15,-2.67846,224761.0,-6966.0
4568,2020-08-06,16.381783,236947.0,-8968.0
4568,2020-11-06,10.183481,243221.0,-5838.0
4568,2021-02-05,12.426571,258622.0,-6992.0
4568,2021-06-21,0.078961,223725.0,-9447.0
4568,2021-08-05,18.378851,264069.0,-16723.0
4568,2021-11-08,14.215373,265895.0,-15234.0
4568,2022-02-04,16.618459,281001.0,-14916.0
4568,2022-06-27,-14.266776,233925.0,-15863.0
4568,2022-08-03,9.834527,280317.0,-14986.0
4568,2022-11-07,20.582938,327480.0,-12467.0
4502,2020-02-04,5.99174,859317.0,-34762.0
4502,2020-06-24,1.106758,771702.0,-37237.0
4502,2020-08-12,52.926645,801850.0,-23135.0
4502,2020-10-29,2.583304,788935.0,-27344.0
4502,2021-02-12,59.077395,836753.0,-24562.0
4502,2021-06-29,126.084297,770274.0,-36165.0
4502,2021-08-06,87.963001,949603.0,-29838.0
4502,2021-11-05,29.243166,844819.0,-30763.0
4502,2022-02-10,36.909917,901294.0,-27072.0
4502,2022-06-29,-7.309755,873289.0,-35579.0
4502,2022-08-04,67.939181,972465.0,-42125.0
4502,2022-11-04,39.771786,1002307.0,-29298.0
4503,2020-02-07,32.799668,338065.0,-14520.0
4503,2020-06-18,2.900456,312308.0,-10185.0
4503,2020-08-07,27.140432,306969.0,-7586.0
4503,2020-11-06,12.072983,308512.0,-6369.0
4503,2021-02-05,32.343732,325427.0,-8960.0
4503,2021-06-18,-6.64208,308621.0,-8469.0
4503,2021-08-06,16.56207,326143.0,-9352.0
4503,2021-11-05,22.085784,325523.0,-8141.0
4503,2022-02-07,32.859159,340627.0,-2746.0
4503,2022-06-20,-4.569537,303870.0,-10500.0
4503,2022-08-05,13.595236,381791.0,-8235.0
4503,2022-11-08,39.297028,380394.0,-5560.0
4507,2020-02-10,127.306183,92637.0,
4507,2020-06-24,103.00549,79857.0,
4507,2020-08-13,70.881043,71402.0,-2602.0
4507,2020-11-12,89.749292,77050.0,-1769.0
4507,2021-02-10,118.948743,75966.0,-5706.0
4507,2021-06-23,85.037547,72758.0,-18105.0
4507,2021-08-10,106.938496,68965.0,-1699.0
4507,2021-11-11,69.296979,76119.0,-4408.0
4507,2022-02-10,59.27034,74540.0,-11472.0
4507,2022-06-24,143.242857,115512.0,-8606.0
4507,2022-08-10,115.171054,71839.0,-5040.0
4507,2022-11-10,74.982786,78939.0,-2390.0
4508,2020-02-07,17.664586,109305.0,-3415.0
4519,2020-03-30,24.454815,177333.0,-31936.0
4519,2020-04-28,31.371052,179424.0,-11090.0
4519,2020-07-30,30.885604,188696.0,-29551.0
4519,2020-10-28,36.581694,208400.0,-6660.0
4519,2021-03-23,31.824867,210426.0,-9739.0
4519,2021-04-27,28.839836,168817.0,-28948.0
4519,2021-07-29,43.016632,221411.0,-6476.0
4519,2021-10-27,52.315224,287264.0,-22715.0
4519,2022-03-29,60.11211,322266.0,-7830.0
4519,2022-04-26,80.137281,360554.0,-34119.0
4519,2022-07-22,44.003795,235612.0,-9481.0
4519,2022-10-25,41.214209,225284.0,-7062.0
4523,2020-02-07,161.45617,186800.0,-2600.0
4523,2020-06-19,169.310175,209556.0,-5557.0
4523,2020-08-07,85.228363,165583.0,-8841.0
4523,2020-11-13,4.787042,151461.0,-3984.0
4523,2021-02-15,67.580061,181288.0,-1640.0
4523,2021-06-18,-10.629613,147610.0,-4683.0
4523,2021-08-06,147.071032,198894.0,-12118.0
4523,2021-11-09,14.036311,163459.0,-6137.0
4523,2022-02-14,49.433185,202972.0,-3763.0
4523,2022-06-17,-43.265642,190901.0,-7013.0
4523,2022-08-05,93.813544,184262.0,-11614.0
4523,2022-11-09,12.443328,174364.0,-2557.0
4528,2020-02-07,38.089113,76291.0,-1329.0
4528,2020-06-19,15.766487,67121.0,-1227.0
4528,2020-08-06,43.067367,74913.0,-2155.0
4528,2020-11-06,36.769022,75561.0,-1152.0
4528,2021-02-12,53.367578,84459.0,-1218.0
4528,2021-06-18,17.906692,74351.0,-2493.0
4528,2021-08-06,48.230377,87363.0,-1196.0
4528,2021-11-05,44.506682,86714.0,-1849.0
4528,2022-02-04,36.827195,97353.0,-883.0
4528,2022-06-24,32.441178,89931.0,-1569.0
4528,2022-08-05,60.373501,106722.0,-2166.0
4528,2022-11-04,67.298653,109979.0,-1101.0
4543,2020-02-10,28.219817,162866.0,-11676.0
4543,2020-06-26,24.350606,158753.0,-22634.0
4543,2020-08-11,18.569737,131298.0,-16084.0
4543,2020-11-09,23.632028,151998.0,-16818.0
4543,2021-02-08,35.411129,165331.0,-14464.0
4543,2021-06-23,24.697579,165214.0,-14952.0
4543,2021-08-06,36.896704,171716.0,-14073.0
4543,2021-11-08,29.215609,172921.0,-13824.0
4543,2022-02-14,28.702494,178844.0,-12930.0
4543,2022-06-23,22.631807,179821.0,-12688.0
4543,2022-08-12,29.613327,197340.0,-11523.0
4543,2022-11-14,23.752953,205976.0,-13108.0
4612,2020-03-27,2.506578,196890.0,-7649.0
4612,2020-05-15,4.657441,162916.0,-6518.0
4612,2020-08-14,5.872854,182524.0,-4731.0
4612,2020-11-13,9.192665,216854.0,-7430.0
4612,2021-03-29,8.110433,218852.0,-6535.0
4612,2021-05-14,8.250182,231426.0,-7566.0
4612,2021-08-10,6.833898,266236.0,-6874.0
4612,2021-11-12,7.059414,254470.0,-9827.0
4612,2022-03-30,7.349697,262019.0,-10661.0
4612,2022-05-13,7.695956,284096.0,-9775.0
4612,2022-08-10,6.04951,336953.0,-9492.0
4612,2022-11-14,11.339044,357866.0,-10852.0
4901,2020-02-14,145.372729,596263.0,-21643.0
4901,2020-06-29,10.604702,586744.0,-19914.0
4901,2020-08-14,68.800033,456270.0,-23044.0
4901,2020-11-13,100.322708,541119.0,-26000.0
4901,2021-02-12,147.290234,576045.0,-23850.0
4901,2021-06-30,136.860866,619085.0,-27169.0
4901,2021-08-13,143.3358,582653.0,-27454.0
4901,2021-11-12,97.250768,622481.0,-30926.0
4901,2022-02-14,151.826106,655768.0,-32478.0
4901,2022-06-30,135.033562,664871.0,-35196.0
4901,2022-08-12,103.205572,625860.0,-51969.0
4901,2022-11-14,134.179882,724071.0,-66583.0
4911,2020-03-25,2.763924,284922.0,
4911,2020-05-14,3.509826,226893.0,
4911,2020-08-07,-57.022265,190919.0,
4911,2020-11-11,19.296049,235863.0,
4911,2021-03-25,5.026735,267213.0,
4911,2021-05-14,-3.822574,244011.0,
4911,2021-08-06,-39.429053,263676.0,
4911,2021-11-11,135.261649,237686.0,
4911,2022-03-25,14.22317,289792.0,
4911,2022-05-13,11.01085,234023.0,-5513.0
4911,2022-08-12,29.649022,259376.0,-13615.0
4911,2022-11-11,32.033778,269343.0,-6803.0
5020,2020-02-14,16.622657,2544128.0,-71587.0
5020,2020-06-25,-97.096902,2404577.0,-80714.0
5020,2020-08-13,-1.517024,1546194.0,-81888.0
5020,2020-11-13,12.853331,1816127.0,-51179.0
5020,2021-02-12,9.524118,2004837.0,-75544.0
5020,2021-06-25,14.634365,2290853.0,-59235.0
5020,2021-08-13,30.405018,2224073.0,-81551.0
5020,2021-11-12,35.42035,2507335.0,-51864.0
5020,2022-02-14,37.512429,2899912.0,-49411.0
5020,2022-08-03,63.929663,3290439.0,-71841.0
5020,2022-08-12,69.306354,3555106.0,-64952.0
5020,2022-11-11,8.816606,3838928.0,-85032.0
5108,2020-03-24,123.522636,890209.0,
5108,2020-05-11,27.658867,752234.0,-64319.0
5108,2020-08-07,-58.963463,603236.0,-38209.0
5108,2020-11-12,-2.945524,793471.0,-46731.0
5108,2021-03-26,1.160303,845583.0,-51418.0
5108,2021-05-17,405.103865,756893.0,-49227.0
5108,2021-08-10,95.253919,811896.0,-26746.0
5108,2021-11-11,100.149667,832969.0,-38571.0
5108,2022-03-23,-40.910071,844299.0,-46496.0
5108,2022-05-11,76.627475,891011.0,-65658.0
5108,2022-08-10,56.045299,995329.0,-36804.0
5108,2022-11-10,138.253183,1090583.0,-44067.0
5201,2020-03-27,70.285099,394286.0,-54216.0
5201,2020-05-20,61.165368,357504.0,-36697.0
5201,2020-08-04,-9.462482,297040.0,-48359.0
5201,2020-11-02,9.33984,358225.0,-50185.0
5201,2021-03-30,86.789145,399535.0,-56228.0
5201,2021-05-11,130.119937,393565.0,-49844.0
5201,2021-08-04,158.196528,417767.0,-48353.0
5201,2021-11-04,296.448099,422172.0,-64591.0
5201,2022-03-30,-25.294919,463878.0,-47784.0
5201,2022-05-12,137.824764,472667.0,-40667.0
5201,2022-08-04,183.4268,505673.0,-60566.0
5201,2022-11-07,124.300157,520510.0,-50759.0
7741,2020-02-06,78.450585,146481.0,-11354.0
7741,2020-06-23,53.064817,135116.0,-12410.0
7741,2020-08-05,69.065807,109327.0,-7132.0
7741,2020-11-06,84.97161,140313.0,-8497.0
7741,2021-02-03,98.164727,146887.0,-8649.0
7741,2021-06-04,83.603539,151394.0,-6968.0
7741,2021-08-03,111.827572,158000.0,-9972.0
7741,2021-11-02,116.467931,162601.0,-6543.0
7741,2022-02-04,110.748523,171270.0,-5478.0
7741,2022-06-03,107.383537,169594.0,-6879.0
7741,2022-08-08,132.827929,180179.0,-7431.0
7741,2022-11-02,130.949236,184112.0,-6272.0
5332,2020-02-06,55.085796,152857.0,
5332,2020-06-24,10.916927,147311.0,
5332,2020-08-06,3.270694,118077.0,
5332,2020-11-06,23.700319,139469.0,
5332,2021-02-04,64.721366,162298.0,
5332,2021-06-25,68.835276,161091.0,
5332,2021-08-05,53.016669,145729.0,
5332,2021-11-05,64.200808,163777.0,
5332,2022-02-04,73.642359,170626.0,
5332,2022-06-24,45.881894,165141.0,
5332,2022-08-04,62.153857,153472.0,
5332,2022-11-07,49.029031,174216.0,
5401,2020-02-13,-430.325079,1428831.0,-111485.0
5401,2020-07-02,-80.521452,1445511.0,-123242.0
5401,2020-08-07,-45.695491,1131604.0,-95433.0
5401,2020-11-12,-161.923576,1110387.0,-136943.0
5401,2021-02-10,73.160352,1207824.0,-98870.0
5401,2021-06-23,99.231088,1379455.0,-128565.0
5401,2021-08-06,176.081267,1503151.0,-98850.0
5401,2021-11-12,148.35305,1660792.0,-131518.0
5401,2022-02-09,227.169365,1778537.0,-91354.0
5401,2022-06-23,140.56149,1866409.0,-145180.0
5401,2022-08-09,250.819602,1919181.0,-93506.0
5401,2022-11-08,153.550671,1955225.0,-141570.0
5411,2020-02-13,-8.703443,920231.0,-78789.0
5411,2020-06-19,-390.152159,938193.0,-109435.0
5411,2020-08-13,-68.069728,743900.0,-90504.0
5411,2020-11-10,-115.508914,748393.0,-78957.0
5411,2021-02-09,62.576953,826172.0,-61268.0
5411,2021-06-25,83.030277,908818.0,-77394.0
5411,2021-08-12,107.640499,888940.0,-81580.0
5411,2021-11-05,136.81258,1054036.0,-78376.0
5411,2022-02-08,142.919665,1154416.0,-69598.0
5411,2022-06-24,112.906307,1267751.0,-83774.0
5411,2022-08-03,145.604209,1253600.0,-58964.0
5411,2022-11-04,67.987041,1310735.0,-72285.0
5486,2020-02-07,4.81328,214075.0,-11272.0
5486,2020-06-23,3.007708,210439.0,-12503.0
5486,2020-08-07,-7.811659,154773.0,-10210.0
5486,2020-11-10,-69.856045,186058.0,-5936.0
5486,2021-02-08,-1.195142,200572.0,-4857.0
5486,2021-06-18,-20.03438,220212.0,-8126.0
5486,2021-08-06,7.011864,226852.0,-5461.0
5486,2021-11-05,19.361161,229500.0,-7432.0
5486,2022-02-09,5.30458,234497.0,-6497.0
5486,2022-06-21,-3.541073,251852.0,-7952.0
5486,2022-08-05,35.239993,276811.0,-8221.0
5486,2022-11-09,33.263712,291896.0,-9026.0
5713,2020-02-14,80.317631,222363.0,-10250.0
5713,2020-06-26,33.276925,227848.0,-11747.0
5713,2020-08-13,0.622313,196870.0,-13496.0
5713,2020-11-12,62.955819,222253.0,-10528.0
5713,2021-02-10,101.65297,253009.0,-7913.0
5713,2021-06-25,179.062217,253990.0,-7330.0
5713,2021-08-12,156.692409,294325.0,-13350.0
5713,2021-11-11,257.568975,303605.0,-11750.0
5713,2022-02-10,204.711542,324543.0,-13164.0
5713,2022-06-24,403.830126,336618.0,-17144.0
5713,2022-08-10,278.266471,357659.0,-21286.0
5713,2022-11-11,155.039888,352968.0,-32080.0
5802,2020-02-07,30.260056,795663.0,
5802,2020-06-25,27.064073,787594.0,
5802,2020-08-04,-53.208444,515266.0,
5802,2020-11-10,-0.480833,724021.0,
5802,2021-02-05,56.246249,822840.0,
5802,2021-06-25,69.689315,856453.0,
5802,2021-08-05,29.762003,787675.0,
5802,2021-11-05,11.769683,782738.0,
5802,2022-02-07,24.661391,868697.0,
5802,2022-06-24,57.294638,928753.0,
5802,2022-08-05,26.020669,877121.0,
5802,2022-11-07,18.94527,1013955.0,
6201,2020-02-13,151.515053,521537.0,-54645.0
6201,2020-06-19,53.316757,546867.0,-56195.0
6201,2020-08-07,77.524373,430857.0,-46720.0
6201,2020-11-13,77.421308,526149.0,-59033.0
6201,2021-02-12,198.858548,566597.0,-57310.0
6201,2021-06-18,86.479278,594698.0,-59297.0
6201,2021-08-06,249.928336,616914.0,-54205.0
6201,2021-11-12,83.055269,643927.0,-55962.0
6201,2022-02-10,191.310229,707106.0,-56582.0
6201,2022-06-17,56.435197,737234.0,-70622.0
6201,2022-08-10,230.685489,759631.0,-60680.0
6201,2022-11-11,113.582561,842864.0,-75431.0
6273,2020-02-12,436.782127,131465.0,
6273,2020-06-26,418.580877,130065.0,
6273,2020-08-07,348.898042,128052.0,
6273,2020-11-13,346.878946,123941.0,
6273,2021-02-12,469.164386,139898.0,
6273,2021-06-29,667.495329,160287.0,
6273,2021-08-11,695.629143,182774.0,
6273,2021-11-12,670.530903,175917.0,
6273,2022-02-14,737.797956,183747.0,
6273,2022-06-29,820.205765,184959.0,
6273,2022-08-10,1154.009794,211359.0,
6273,2022-11-14,882.323232,210170.0,
6301,2020-02-13,47.868138,613957.0,-47723.0
6301,2020-07-06,33.764992,615692.5,-46435.0
6301,2020-08-07,17.203377,458731.0,-37267.0
6301,2020-11-12,22.272815,498986.0,-48011.0
6301,2021-02-12,30.349092,555593.0,-51961.0
6301,2021-06-24,36.47661,615897.5,-48135.0
6301,2021-08-06,43.269466,648266.0,-37976.0
6301,2021-11-12,55.285388,643134.0,-44307.0
6301,2022-02-10,65.970558,723277.0,-41538.0
6301,2022-06-20,73.444669,787646.0,-39135.0
6301,2022-08-10,85.109135,763808.0,-36378.0
6301,2022-11-14,86.854971,854927.0,-49879.0
6326,2020-03-20,21.82,459292.0,-11001.0
6326,2020-05-15,17.014188,439543.0,-11451.0
6326,2020-08-08,31.871685,444627.0,-17059.0
6326,2020-11-12,30.464514,472624.0,-17677.0
6326,2021-03-21,26.54,496440.0,-14726.0
6326,2021-05-15,43.082972,537686.0,-15576.0
6326,2021-08-12,42.141809,563719.0,-28740.0
6326,2021-11-11,36.155748,540235.0,-22068.0
6326,2022-03-19,24.01,555126.0,-31050.0
6326,2022-05-13,41.333306,593223.0,-29110.0
6326,2022-08-09,34.790177,667257.0,-38934.0
6326,2022-11-11,35.392782,693700.0,-38789.0
6367,2020-02-13,100.871616,597173.0,-28437.0
6367,2020-06-26,77.610603,598931.0,-27219.0
6367,2020-08-05,113.145833,581682.0,-25561.0
6367,2020-11-06,176.008229,647567.0,-28826.0
6367,2021-02-10,150.809028,612482.0,-21941.0
6367,2021-06-29,94.002549,651655.0,-28643.0
6367,2021-08-04,268.678646,798975.0,-28527.0
6367,2021-11-05,206.6199,759888.0,-24105.0
6367,2022-02-08,135.390008,743076.0,-30847.0
6367,2022-06-29,133.203043,807167.0,-30627.0
6367,2022-08-03,241.045895,967755.0,-29011.0
6367,2022-11-09,293.278215,1052035.0,-41975.0
6383,2020-02-12,22.862862,110068.0,
6383,2020-06-29,16.576253,124892.0,
6383,2020-08-07,19.574051,113968.0,
6383,2020-11-09,19.417475,116038.0,
6383,2021-02-08,19.452668,116764.0,
6383,2021-06-28,27.264766,127132.0,
6383,2021-08-06,20.43672,120220.0,-1948.0
6383,2021-11-08,16.381647,123202.0,-2401.0
6383,2022-02-07,26.281959,126058.0,-2325.0
6383,2022-06-27,31.800194,142788.0,-3787.0
6383,2022-08-09,15.434425,130211.0,-2992.0
6383,2022-11-09,29.567908,147571.0,-3140.0
6479,2020-02-13,45.766039,267650.0,-10872.0
6479,2020-06-26,26.274927,226897.0,-10296.0
6479,2020-08-12,8.748685,187463.0,-10985.0
6479,2020-11-11,32.416471,274267.0,-12888.0
6479,2021-02-15,39.598148,275709.0,-9319.0
6479,2021-06-29,14.165785,250985.0,-11003.0
6479,2021-08-11,36.109014,248305.0,-11952.0
6479,2021-11-11,50.360545,281955.0,-16322.0
6479,2022-02-10,45.424084,304348.0,-22270.0
6479,2022-06-29,38.203358,289532.0,-17932.0
6479,2022-08-10,26.428274,251040.0,-82392.0
6479,2022-11-11,48.62,330021.0,-18462.0
6501,2020-02-10,-138.909285,2122854.0,-65416.0
6501,2020-07-01,33.614915,2423082.0,-90136.0
6501,2020-08-31,231.131247,1594277.0,-53135.0
6501,2020-09-10,33.609609,2423082.0,-90136.0
6501,2020-11-12,28.473614,2165780.0,-60501.0
6501,2021-02-10,59.134357,2218943.0,-52494.0
6501,2021-05-25,200.554258,2750196.0,-88620.0
6501,2021-06-23,200.549243,2750196.0,
6501,2021-08-05,126.493695,2367437.0,-66516.0
6501,2021-11-12,207.173123,2465228.0,-72312.0
6501,2022-02-10,132.796091,2514000.0,-69174.0
6501,2022-05-25,137.281968,2917937.0,-88966.0
6501,2022-07-15,137.280083,2917937.0,-88966.0
6501,2022-08-09,38.531392,2569816.0,-68296.0
6501,2022-11-11,142.173676,2846963.0,-69598.0
6502,2020-02-14,-1.046287,747178.0,-26406.0
6502,2020-08-12,-25.019015,599823.0,-27107.0
6502,2020-11-11,32.720345,771562.0,-34038.0
6502,2021-02-12,88.438553,728154.0,-25056.0
6502,2021-08-12,39.653003,727863.0,-23622.0
6502,2021-11-12,94.583066,818534.0,-20887.0
6502,2022-02-14,127.449325,808719.0,-19018.0
6502,2022-06-28,183.996381,1000469.0,-31252.0
6502,2022-08-10,59.848143,740650.0,-28266.0
6502,2022-11-11,172.82,854562.0,-31038.0
6503,2020-02-07,31.913084,1067601.0,-41412.0
6503,2020-06-26,28.960979,1212380.0,-55443.0
6503,2020-07-30,8.34,858151.0,-50655.0
6503,2020-11-06,14.145432,1043873.0,-41847.0
6503,2021-02-02,27.76,1038587.0,-34556.0
6503,2021-06-29,39.790467,1250822.0,-41862.0
6503,2021-07-29,28.82,1066442.0,-29893.0
6503,2021-10-28,20.09,1071935.0,-35526.0
6503,2022-02-02,20.48,1042886.0,-28186.0
6503,2022-06-29,25.989207,1295495.0,-40732.0
6503,2022-08-05,15.857083,1067723.0,-34307.0
6503,2022-10-28,19.57,1271844.0,-37162.0
6504,2020-02-14,30.145195,205071.0,
6504,2020-08-06,129.57492,288872.0,
6504,2020-08-31,9.493006,168844.0,
6504,2020-11-13,4.963526,188149.0,
6504,2021-02-12,-42.691421,204317.0,
6504,2021-06-25,321.749357,314617.0,
6504,2021-08-11,34.815665,189958.0,
6504,2021-11-12,63.050448,207727.0,
6504,2022-02-14,79.92971,222296.0,
6504,2022-06-28,232.885727,290245.0,
6504,2022-08-10,69.527776,203940.0,
6504,2022-11-14,72.300206,243198.0,
6506,2020-01-14,8.874382,98021.0,
6506,2020-05-28,17.047758,101156.0,
6506,2020-07-13,17.289335,90802.0,-2227.0
6506,2020-10-12,19.090175,96043.0,-2475.0
6506,2021-01-13,17.494395,93090.0,-2567.0
6506,2021-05-27,18.530986,109775.0,-1340.0
6506,2021-07-12,38.55806,119002.0,-12626.0
6506,2021-10-11,42.404813,120905.0,-2812.0
6506,2022-01-12,36.761752,117471.0,-5090.0
6506,2022-05-27,28.996484,121704.0,-3699.0
6506,2022-07-11,39.638578,120312.0,-4152.0
6506,2022-10-11,51.044997,143215.0,-4288.0
6586,2020-02-07,50.052072,129714.0,-16289.0
6586,2020-06-26,33.743731,119356.0,-11281.0
6586,2020-08-07,42.431975,126996.0,-10189.0
6586,2020-10-30,57.526758,156160.0,-13245.0
6586,2021-02-08,72.732956,158028.0,-12785.0
6586,2021-06-28,55.714473,167147.0,-13636.0
6586,2021-08-06,79.594345,185297.0,-14279.0
6586,2021-11-08,59.690977,178933.0,-13879.0
6586,2022-02-07,49.846672,182601.0,-17252.0
6586,2022-06-29,49.404759,192429.0,-14527.0
6586,2022-07-26,38.90144,195348.0,-11580.0
6586,2022-10-28,1.896587,195970.0,-11416.0
6594,2020-02-13,39.110683,408331.0,-32030.0
6594,2020-06-18,16.300024,375192.0,-29164.0
6594,2020-08-07,34.63007,336876.0,-25497.0
6594,2020-11-12,49.041077,414918.0,-22032.0
6594,2021-02-12,59.503234,433197.0,-18520.0
6594,2021-06-23,65.46,433073.0,-22862.0
6594,2021-08-06,57.135779,447470.0,-21179.0
6594,2021-11-12,58.357904,463198.0,-23478.0
6594,2022-02-10,55.901129,496542.0,-30831.0
6594,2022-06-20,62.67,510964.0,-23092.0
6594,2022-08-09,71.498536,540369.0,-36842.0
6594,2022-11-11,78.83078,590398.0,-29807.0
6645,2020-02-14,252.819804,168072.0,-9272.0
6645,2020-06-24,19.079239,179679.0,-12521.0
6645,2020-08-07,48.032256,146465.0,-4855.0
6645,2020-11-13,47.130758,154811.0,-5968.0
6645,2021-02-12,72.974915,168294.0,-5431.0
6645,2021-07-01,46.585305,185959.0,-10408.0
6645,2021-08-06,100.034128,188193.0,-4808.0
6645,2021-11-12,61.195122,181158.0,-6995.0
6645,2022-02-10,61.170532,189258.0,-7750.0
6645,2022-06-24,83.190983,204318.0,-13804.0
6645,2022-08-09,39.890767,184386.0,-6801.0
6645,2022-11-11,99.818,220032.0,-10945.0
6701,2020-01-30,77.175248,726621.0,-14439.0
6701,2020-03-17,123.295351,878793.0,-21535.0
6701,2020-06-09,195.586713,919620.0,-17593.0
6701,2020-06-30,195.586713,919620.0,-17593.0
6701,2020-07-31,-19.27345,587729.0,-17177.0
6701,2020-10-29,59.47,727301.0,-16726.0
6701,2020-10-30,59.465,727301.0,-16726.0
6701,2021-01-29,159.73871,729406.0,-10488.0
6701,2021-05-26,349.39135,949587.0,-14916.0
6701,2021-07-30,0.829458,651941.0,-12498.0
6701,2021-10-29,48.148719,730864.0,-18920.0
6701,2021-11-13,349.400025,949587.0,-14916.0
6701,2022-02-01,42.542336,713551.0,-10405.0
6701,2022-06-22,427.014706,917739.0,-15126.0
6701,2022-07-29,-50.882608,659669.0,-14582.0
6701,2022-10-28,65.580702,795702.0,-16086.0
6702,2020-02-05,178.826048,923265.0,-37215.0
6702,2020-06-22,299.106232,1105769.0,-33993.0
6702,2020-08-03,90.768354,802793.0,-26225.0
6702,2020-10-30,144.56989,829044.0,-31729.0
6702,2021-02-03,335.894862,894363.0,-34133.0
6702,2021-07-09,443.731285,1063502.0,-36684.0
6702,2021-08-03,121.595306,801980.0,-32269.0
6702,2021-11-01,145.219085,861031.0,-36011.0
6702,2022-02-03,361.603454,880526.0,-38364.0
6702,2022-06-27,297.220554,1043302.0,-36607.0
6702,2022-08-02,87.949275,818862.0,-40855.0
6702,2022-11-02,278.248041,886449.0,-34795.0
6752,2020-02-13,33.106715,1911210.0,-57483.0
6752,2020-06-29,20.387607,1734967.0,-75141.0
6752,2020-08-05,-4.214792,1391912.0,-47849.0
6752,2020-11-13,25.157477,1667243.0,-43059.0
6752,2021-02-02,34.848237,1814134.0,-40316.0
6752,2021-06-25,14.971366,1825505.0,-99894.0
6752,2021-08-06,32.801936,1792421.0,-58976.0
6752,2021-11-15,32.784032,1741133.0,-49329.0
6752,2022-02-10,18.249727,1889802.0,-59149.0
6752,2022-06-24,25.580166,1965435.0,-66513.0
6752,2022-08-05,20.973344,1973861.0,-58322.0
6752,2022-11-11,25.016078,2090068.0,-58976.0
6758,2020-02-04,187.018425,2463162.0,-135013.0
6758,2020-06-26,10.32917,1748740.0,-124970.0
6758,2020-08-04,191.090822,1968919.0,-132868.0
6758,2020-10-28,374.342038,2113486.0,-142413.0
6758,2020-11-04,374.342038,2113486.0,-142413.0
6758,2021-02-03,301.08682,2696536.0,-116158.0
6758,2021-06-22,86.409902,2220419.0,-120800.0
6758,2021-08-04,170.945364,2256843.0,-93521.0
6758,2021-08-12,170.945364,2256843.0,-93521.0
6758,2021-11-04,171.852747,2369365.0,-136796.0
6758,2022-02-02,279.227625,3031319.0,-108236.0
6758,2022-02-08,279.227625,3031319.0,-108236.0
6758,2022-06-28,89.706907,2263986.0,-102543.0
6758,2022-07-29,176.464165,2311494.0,-106968.0
6758,2022-08-04,176.464165,2311494.0,-106968.0
6758,2022-11-01,213.431924,2751879.0,-122137.0
6762,2020-02-13,77.782176,355634.0,-39027.0
6762,2020-06-23,-43.890621,300374.0,-43555.0
6762,2020-08-07,34.811061,309393.0,-46368.0
6762,2020-11-13,76.610487,381718.0,-50761.0
6762,2021-02-12,81.407714,395686.0,-57304.0
6762,2021-06-23,16.529187,392211.0,-57922.0
6762,2021-08-06,70.364594,420058.0,-61205.0
6762,2021-11-12,109.664005,474127.0,-72782.0
6762,2022-02-10,129.495112,499670.0,-76815.0
6762,2022-06-24,36.917621,508269.0,-80535.0
6762,2022-09-02,82.874939,510504.0,-69651.0
6762,2022-11-11,146.508879,611489.0,-84505.0
6857,2020-02-13,60.209213,69917.0,-1849.0
6857,2020-06-26,74.701817,68226.0,-3238.0
6857,2020-08-13,53.153479,66725.0,-2862.0
6857,2020-11-13,70.486056,77377.0,-2979.0
6857,2021-02-12,61.289526,78072.0,-2977.0
6857,2021-06-24,169.442471,90615.0,-3597.0
6857,2021-08-13,98.417361,97116.0,-3072.0
6857,2021-11-12,81.080135,90874.0,-4389.0
6857,2022-02-10,132.50087,112077.0,-4340.0
6857,2022-06-22,138.590564,116834.0,-5357.0
6857,2022-08-12,192.141337,135943.0,-4277.0
6857,2022-11-11,182.920584,138863.0,-5139.0
6861,2020-02-03,202.944802,134415.0,
6861,2020-06-15,207.451178,140449.0,
6861,2020-08-03,150.523446,109976.0,
6861,2020-11-02,197.163179,128779.0,
6861,2021-02-02,198.081855,138048.0,
6861,2021-06-14,267.703582,161331.0,
6861,2021-08-03,278.601057,169963.0,
6861,2021-11-02,306.012551,185255.0,
6861,2022-02-02,315.929013,190114.0,
6861,2022-06-13,350.290462,209842.0,
6861,2022-08-03,328.307068,192007.0,
6861,2022-11-02,416.524413,251993.0,
6902,2020-02-07,41.164271,1276620.0,-104766.0
6902,2020-06-19,-87.78353,1258432.0,-111128.0
6902,2020-08-06,-116.237562,765098.0,-111010.0
6902,2020-11-06,24.449262,1309624.0,-84381.0
6902,2021-02-09,147.37975,1433873.0,-112963.0
6902,2021-06-22,105.797647,1428130.0,-87194.0
6902,2021-08-06,115.247437,1356866.0,-77393.0
6902,2021-11-05,30.237544,1226074.0,-76765.0
6902,2022-02-09,105.06,1426108.0,-88930.0
6902,2022-06-21,92.371981,1506464.0,-93322.0
6902,2022-08-12,67.958812,1415009.0,-94988.0
6902,2022-11-04,70.780232,1605105.0,-89222.0
6954,2020-02-07,17.02631,125520.0,
6954,2020-06-30,17.562475,121779.0,
6954,2020-08-06,9.47843,109260.0,
6954,2020-11-06,19.831824,121151.0,
6954,2021-02-09,28.393581,144818.0,
6954,2021-06-30,40.317384,176058.0,
6954,2021-08-05,42.014879,185293.0,
6954,2021-11-08,39.990615,166197.0,
6954,2022-02-09,41.834011,188760.0,
6954,2022-06-30,38.057553,192758.0,
6954,2022-08-08,43.998997,211563.0,
6954,2022-11-09,44.005812,204565.0,
6963,2020-02-06,74.952021,90354.0,
6963,2020-08-06,73.618511,80997.0,
6963,2020-11-04,53.700365,87052.0,
6963,2020-12-03,40.821594,83697.0,
6963,2021-02-04,64.977535,95629.0,
6963,2021-06-25,184.050454,96210.0,
6963,2021-08-11,118.265654,111254.0,
6963,2021-11-04,195.604104,111403.0,
6963,2022-02-04,179.490314,115531.0,
6963,2022-06-24,187.258628,113936.0,
6963,2022-08-05,266.002975,125112.0,
6963,2022-11-07,265.136231,134800.0,
6971,2020-02-13,114.920233,397835.0,-26450.0
6971,2020-06-25,17.813045,402168.0,-25770.0
6971,2020-08-07,61.749514,317094.0,-22620.0
6971,2020-11-13,33.053564,378943.0,-27087.0
6971,2021-02-10,81.588226,404497.0,-39087.0
6971,2021-06-25,72.51684,426363.0,-33715.0
6971,2021-08-11,112.459993,420712.0,-30689.0
6971,2021-11-12,89.553927,455625.0,-33038.0
6971,2022-02-10,129.452768,479328.0,-32050.0
6971,2022-07-02,79.635217,483273.0,-35073.0
6971,2022-08-10,139.24174,491954.0,-41841.0
6971,2022-11-11,71.359712,520218.0,-44782.0
6981,2020-02-12,87.606646,410222.0,-61257.0
6981,2020-06-26,56.632905,362885.0,-109806.0
6981,2020-08-07,61.866807,326798.0,-47731.0
6981,2020-11-10,94.21,425207.0,-44163.0
6981,2021-02-10,119.506907,468648.0,-50265.0
6981,2021-06-29,94.925268,409540.0,-57717.0
6981,2021-08-06,120.686733,439557.0,-46730.0
6981,2021-11-09,141.552768,468517.0,-33273.0
6981,2022-02-10,129.16874,471387.0,-35179.0
6981,2022-06-29,99.541152,433060.0,-35349.0
6981,2022-08-08,118.026956,436657.0,-41833.0
6981,2022-10-31,134.76,483567.0,-45006.0
6988,2020-02-14,86.196676,192450.0,-13858.0
6988,2020-06-19,28.958361,170283.0,-11552.0
6988,2020-07-29,80.028187,163310.0,-15581.0
6988,2020-11-13,125.069272,194427.0,-14526.0
6988,2021-01-28,165.997594,208472.0,-14865.0
6988,2021-06-18,102.24508,195111.0,-12752.0
6988,2021-07-28,140.866391,203715.0,-12120.0
6988,2021-10-28,211.436331,222235.0,-17337.0
6988,2022-01-28,174.044945,220319.0,-13817.0
6988,2022-06-17,129.949801,207177.0,-15684.0
6988,2022-07-28,178.626201,216368.0,-15812.0
6988,2022-10-28,249.658871,268540.0,-18483.0
7011,2020-02-10,214.833226,978847.0,-74639.0
7011,2020-06-26,-42.531336,1184865.0,-62101.0
7011,2020-08-05,-172.334561,778009.0,-43455.0
7011,2020-11-05,2.439902,880616.0,-37591.0
7011,2021-02-08,179.661349,944751.0,-36107.0
7011,2021-06-29,111.080038,1096569.0,-29059.0
7011,2021-08-05,37.677913,851715.0,-25849.0
7011,2021-11-02,-1.696261,812031.0,-33852.0
7011,2022-02-09,113.020034,981628.0,-36769.0
7011,2022-06-29,189.220829,1214908.0,-32786.0
7011,2022-08-10,57.163875,871332.0,-28384.0
7011,2022-11-07,104.031561,1003934.0,-26076.0
7201,2020-02-14,-6.67,2504211.0,-380809.0
7201,2020-07-06,-181.582921,2371580.0,-351991.0
7201,2020-07-30,-72.999497,1174194.0,-255097.0
7201,2020-11-13,-11.34,1918493.0,-312664.0
7201,2021-02-12,-9.65,2224760.0,-293106.0
7201,2021-06-29,-20.692018,2545125.0,-321438.0
7201,2021-07-30,29.263203,2008247.0,-347338.0
7201,2021-11-11,13.83,1938750.0,-281496.0
7201,2022-02-10,8.35,2207034.0,-243604.0
7201,2022-06-30,3.627188,2270554.0,-251448.0
7201,2022-08-01,12.035474,2137311.0,-259272.0
7201,2022-12-08,4.44,2524939.0,-202239.0
7202,2020-02-13,37.380922,498147.0,
7202,2020-06-29,18.751411,561674.0,
7202,2020-08-07,-13.231806,327446.0,
7202,2020-11-13,10.868518,465416.0,
7202,2021-02-12,40.973771,515329.0,
7202,2021-06-25,19.295061,599959.0,
7202,2021-08-06,60.053212,529608.0,
7202,2021-11-12,31.860403,615442.0,
7202,2022-02-14,43.243347,638751.0,
7202,2022-06-28,27.76821,730490.0,
7202,2022-08-10,46.508657,688201.0,
7202,2022-11-11,47.659283,805131.0,
7203,2020-02-28,52.681885,7544569.0,-867014.0
7203,2020-06-24,4.243128,7099828.0,-811224.0
7203,2020-08-07,11.373248,4600796.0,-745044.0
7203,2020-11-12,33.657479,6774427.0,-824929.0
7203,2021-02-12,59.993461,8150032.0,-979856.0
7203,2021-06-24,55.594705,7689338.0,-939669.0
7203,2021-08-06,64.226968,7935558.0,-1074572.0
7203,2021-11-12,45.012881,7545741.0,-884026.0
7203,2022-02-14,57.183621,7785742.0,-724472.0
7203,2022-05-16,38.676131,8112466.0,
7203,2022-06-23,38.676653,8112466.0,-801089.0
7203,2022-08-31,53.654927,8491116.0,-832566.0
7203,2022-11-10,31.726969,9218232.0,-831832.0
7211,2020-02-07,-9.64717,538959.0,
7211,2020-06-25,-9.419395,603362.0,
7211,2020-08-04,-118.358831,229545.0,
7211,2020-11-06,-22.66039,345329.0,
7211,2021-02-05,-22.901973,377909.0,
7211,2021-06-24,-45.95453,502693.0,
7211,2021-08-04,4.094478,431940.0,
7211,2021-11-10,10.470792,458627.0,
7211,2022-02-04,15.503547,525564.0,
7211,2022-06-24,19.692858,622778.0,
7211,2022-08-04,25.914448,528698.0,
7211,2022-11-09,29.682287,629494.0,
7259,2020-02-13,60.43695,958051.0,-66205.0
7259,2020-06-17,-83.895169,912768.0,-75057.0
7259,2020-08-07,-186.661422,555269.0,-53075.0
7259,2020-11-13,114.327164,900721.0,-60529.0
7259,2021-02-12,217.374849,1048498.0,-38987.0
7259,2021-06-21,246.905564,1021310.0,-47722.0
7259,2021-08-06,170.751164,977526.0,-52813.0
7259,2021-11-12,60.519822,887194.0,-55455.0
7259,2022-02-10,139.306306,1003656.0,-49062.0
7259,2022-06-20,156.069235,1049056.0,-60453.0
7259,2022-08-10,80.28065,997887.0,-48584.0
7259,2022-11-11,38.160008,1108728.0,-50494.0
7267,2020-02-12,66.372219,3747593.0,-97641.0
7267,2020-06-04,-17.020823,3458060.0,-119200.0
7267,2020-06-19,-17.020823,3458060.0,-119200.0
7267,2020-08-06,-46.837782,2123775.0,-84090.0
7267,2020-11-17,139.531782,3651369.0,-57779.0
7267,2021-02-19,164.510308,3771569.0,-85282.0
7267,2021-06-01,123.55,3623806.0,-91259.0
7267,2021-06-23,123.55,3623806.0,-91259.0
7267,2021-08-06,128.866657,3583870.0,-80310.0
7267,2021-11-10,96.56,3404358.0,-60429.0
7267,2022-02-18,112.419125,3688785.0,-58023.0
7267,2022-05-31,73.02,3875683.0,
7267,2022-06-22,73.02,3875683.0,-69381.0
7267,2022-08-10,87.23,3829550.0,-96990.0
7267,2022-11-10,110.846289,4255754.0,-152431.0
7269,2020-02-13,79.526925,870624.0,-62236.0
7269,2020-06-26,36.5083,862363.0,-54926.0
7269,2020-08-07,3.634621,425262.0,-35651.0
7269,2020-11-13,108.297143,844985.0,-49606.0
7269,2021-02-12,121.385814,905285.0,-41548.0
7269,2021-06-25,68.319358,1002677.0,-44901.0
7269,2021-08-06,174.541854,845350.0,-42672.0
7269,2021-11-12,32.48293,828236.0,-40475.0
7269,2022-02-10,72.608297,900744.0,-48481.0
7269,2022-06-29,50.572398,994050.0,-58844.0
7269,2022-08-12,120.0172,1063358.0,-73032.0
7269,2022-11-11,117.009587,1154146.0,-52962.0
7270,2020-02-12,56.616224,878891.0,-33032.0
7270,2020-06-24,53.321926,859545.0,-28623.0
7270,2020-08-07,-10.041535,456998.0,-40386.0
7270,2020-11-11,40.953966,761394.0,-26469.0
7270,2021-02-12,65.850366,856437.0,-26219.0
7270,2021-06-24,3.00572,755381.0,-31651.0
7270,2021-08-06,24.142292,635171.0,-40188.0
7270,2021-11-11,34.259293,706484.0,-16180.0
7270,2022-02-10,23.574511,665859.0,-23283.0
7270,2022-06-23,9.30859,737006.0,-21600.0
7270,2022-08-05,35.481818,834101.0,-37205.0
7270,2022-11-10,66.035165,916795.0,-27928.0
7272,2020-03-26,0.326344,397553.0,-20954.0
7272,2020-05-29,27.507252,395850.0,-13433.0
7272,2020-08-06,-35.393134,289649.0,-13467.0
7272,2020-11-09,122.540588,381587.0,-8616.0
7272,2021-03-25,37.234949,404212.0,-15880.0
7272,2021-05-14,119.562424,444120.0,-13126.0
7272,2021-08-06,146.715532,475933.0,-16858.0
7272,2021-11-09,125.760721,442565.0,-15214.0
7272,2022-03-24,53.361102,449878.0,-21566.0
7272,2022-05-13,94.298152,481747.0,-14969.0
7272,2022-08-08,147.647903,587180.0,-22162.0
7272,2022-11-08,147.885256,608200.0,-16534.0
7309,2020-03-27,97.453101,93707.0,
7309,2020-05-14,212.114347,76920.0,
7309,2020-08-12,124.519956,83335.0,
7309,2020-11-12,172.869471,103919.0,
7309,2021-03-31,175.199568,113866.0,
7309,2021-05-13,308.482292,126426.0,
7309,2021-08-11,295.698982,138268.0,
7309,2021-11-11,324.19968,130493.0,
7309,2022-03-31,324.302348,151328.0,
7309,2022-05-12,314.033151,144047.0,
7309,2022-08-10,436.893097,159639.0,
7309,2022-11-10,494.812661,163979.0,
7701,2020-02-07,27.623596,92624.0,
7701,2020-06-26,35.248347,106340.0,
7701,2020-08-06,14.121992,80176.0,
7701,2020-11-10,33.112268,98589.0,
7701,2021-02-08,32.904449,97288.0,
7701,2021-06-28,42.376419,117446.0,
7701,2021-08-06,29.615199,94298.0,
7701,2021-11-08,39.908094,107769.0,
7701,2022-02-07,45.450226,103791.0,
7701,2022-06-29,45.517793,122317.0,
7701,2022-08-08,29.475148,98639.0,
7701,2022-11-08,53.670389,123254.0,
7733,2020-02-06,17.94911,205882.0,-7726.0
7733,2020-07-06,-5.809055,202340.0,-9248.0
7733,2020-08-05,-2.128225,142403.0,-8569.0
7733,2020-11-13,-15.530431,179850.0,
7733,2021-02-12,18.921698,197084.0,-9391.0
7733,2021-06-21,8.784791,216960.0,-11684.0
7733,2021-08-05,14.537483,191517.0,-9371.0
7733,2021-11-05,33.996138,221542.0,-11840.0
7733,2022-02-07,19.658884,216698.0,-8745.0
7733,2022-06-21,22.020153,239110.0,-11732.0
7733,2022-08-09,19.527782,214060.0,-8084.0
7751,2020-02-25,30.614321,953469.0,
7751,2020-03-27,30.614321,953469.0,-63730.0
7751,2020-05-14,20.687475,782312.0,-44275.0
7751,2020-08-06,-8.448366,673315.0,-37525.0
7751,2020-11-12,15.928845,758881.0,-38832.0
7751,2021-03-30,51.046759,945735.0,-44087.0
7751,2021-05-14,42.51401,842651.0,-41177.0
7751,2021-08-13,58.480344,881933.0,-40763.0
7751,2021-11-10,47.164718,833324.0,-41155.0
7751,2022-02-25,57.188347,955449.0,
7751,2022-03-30,57.188347,955449.0,-54255.0
7751,2022-05-12,43.968695,879350.0,-47466.0
7751,2022-08-09,56.84764,998799.0,-40183.0
7751,2022-11-10,52.899121,996090.0,-44602.0
7912,2020-02-12,39.395093,353005.0,
7912,2020-06-26,-61.742703,354739.0,
7912,2020-08-05,26.34933,323551.0,
7912,2020-11-10,14.358444,321087.0,
7912,2021-02-09,45.126514,343051.0,
7912,2021-06-29,3.485486,347750.0,
7912,2021-08-05,53.210208,331919.0,
7912,2021-11-12,69.222444,325249.0,
7912,2022-02-10,132.456933,344492.0,
7912,2022-06-29,102.537554,342487.0,
7912,2022-08-10,58.580068,334433.0,
7912,2022-11-11,45.582831,334049.0,
7951,2020-02-14,65.18123,114091.0,
7951,2020-06-30,10.794896,91612.0,-7539.0
7951,2020-08-07,-10.289282,71787.0,-3412.0
7951,2020-11-02,50.58526,93016.0,
7951,2021-02-12,59.932081,107499.0,
7951,2021-06-25,51.160118,100327.0,-3129.0
7951,2021-08-06,76.297796,102465.0,-3002.0
7951,2021-11-15,45.98782,96032.0,-3193.0
7951,2022-02-14,49.812773,103833.0,-3518.0
7951,2022-06-23,42.234165,105866.0,-4817.0
7951,2022-08-12,50.078393,105889.0,-2761.0
7951,2022-11-14,71.141455,112119.0,-5318.0
7832,2020-02-13,27.750477,183249.0,
7832,2020-06-22,7.223879,191413.0,
7832,2020-08-11,20.001851,145035.0,
7832,2020-11-10,28.123876,192087.0,
7832,2021-02-10,28.707821,206334.0,
7832,2021-06-21,-2.640283,197447.0,
7832,2021-08-10,31.7396,178049.0,
7832,2021-11-11,28.234058,215597.0,
7832,2022-02-10,33.643889,234665.0,
7832,2022-06-20,47.070183,260959.0,
7832,2022-08-08,56.095513,216241.0,
7832,2022-11-14,44.752104,261379.0,
7974,2020-02-12,112.799267,578701.0,
7974,2020-06-29,52.258151,285851.0,
7974,2020-08-12,89.388279,358106.0,
7974,2020-11-12,89.521754,411418.0,
7974,2021-02-10,137.288349,634939.0,
7974,2021-06-30,87.062112,354447.0,
7974,2021-08-11,77.858833,322647.0,
7974,2021-11-11,66.794196,301625.0,
7974,2022-02-10,166.687692,695947.0,
7974,2022-06-30,94.009357,375125.0,
7974,2022-08-10,101.855038,307460.0,
7974,2022-11-11,95.744424,349514.0,
8001,2020-08-28,50.089677,2722406.0,-102406.0
8001,2021-08-30,24.978504,2771478.0,-48974.0
8001,2022-05-30,95.614942,3199694.0,-59807.0
8002,2020-07-20,-199.940585,1587855.0,-33199.0
8002,2021-07-30,33.20462,1728017.0,-29112.0
8002,2022-02-03,70.017448,2142523.0,-19915.0
8002,2022-06-24,54.309767,2290280.0,-29371.0
8015,2020-02-14,106.434862,1695843.0,-15329.0
8015,2020-06-23,53.895585,1633930.0,-34442.0
8015,2020-08-13,38.065057,1193982.0,-23633.0
8015,2020-11-12,80.433145,1538600.0,-30241.0
8015,2021-02-12,135.506846,1714346.0,-28202.0
8015,2021-06-24,128.555593,1862373.0,-42251.0
8015,2021-08-12,161.174524,1872127.0,-33219.0
8015,2021-11-11,201.410836,1872539.0,-45357.0
8015,2022-02-14,149.772486,2032046.0,-20576.0
8015,2022-06-24,119.267749,2251287.0,-36617.0
8015,2022-08-10,212.689642,2375630.0,-37597.0
8015,2022-11-11,217.25847,2532117.0,-33151.0
8028,2020-01-14,15.512368,124882.0,-11732.0
8028,2020-05-29,-4.906049,126769.0,-23695.0
8028,2020-07-15,11.440227,111763.0,-16586.0
8028,2020-10-14,-32.631828,123926.0,-10269.0
8028,2021-05-28,-5.682945,118835.0,-9610.5
8031,2020-02-15,58.198428,1782753.0,-87026.0
8031,2020-06-20,32.890994,1691044.0,-75954.0
8031,2020-08-12,36.919091,1521768.0,-82076.0
8031,2020-11-11,28.236216,1521836.0,-45868.0
8031,2021-02-12,52.944889,1655468.0,-48887.0
8031,2021-06-19,81.448862,3311163.0,-38859.0
8031,2021-08-12,115.735065,2658034.0,-46466.0
8031,2021-11-11,130.685319,2758165.0,-44762.0
8031,2022-02-14,141.181977,3173230.0,-50278.0
8031,2022-06-23,175.026459,3168130.0,-44019.0
8031,2022-08-10,172.438118,3720531.0,-54200.0
8031,2022-11-10,167.27989,3703284.0,-54756.0
8035,2020-02-12,105.293939,295454.0,
8035,2020-06-23,122.508734,323390.0,
8035,2020-08-12,120.991559,314823.0,
8035,2020-11-12,119.102742,353337.0,
8035,2021-02-12,98.970994,291725.0,
8035,2021-06-17,181.660365,439217.0,
8035,2021-08-16,215.064339,452049.0,
8035,2021-11-12,213.84868,480465.0,
8035,2022-02-10,235.538286,506474.0,
8035,2022-06-21,271.467159,564817.0,
8035,2022-08-10,188.532062,473654.0,
8035,2022-11-11,383.09354,709243.0,
8036,2020-02-06,101.544705,170603.0,-3356.0
8053,2020-06-19,-32.048993,1365082.0,-22023.0
8053,2020-11-09,-15.291361,1111984.0,-15869.0
8053,2021-05-20,-31.433526,1352508.0,-14842.0
8053,2022-06-24,102.675228,1549893.0,-16754.0
8058,2020-06-19,108.140443,3350234.0,-83647.0
8058,2021-06-25,2.306224,3773985.0,-88088.0
8058,2022-06-24,198.290776,4893690.0,-98340.0
8058,2022-08-02,362.209019,5443439.0,-96541.0
8058,2022-11-08,127.312915,5278439.0,-118378.0
8113,2020-03-26,1.04182,189492.0,-7908.0
8113,2020-05-15,32.194611,183788.0,-7789.0
8113,2020-08-11,0.107233,172765.0,-7934.0
8113,2020-11-10,34.799926,177921.0,-9542.0
8113,2021-03-29,20.490359,193001.0,-10242.0
8113,2021-05-14,33.555153,182015.0,-6811.0
8113,2021-08-05,33.202915,194946.0,-9072.0
8113,2021-11-08,36.902511,194918.0,-9395.0
8113,2022-03-28,18.110332,210845.0,-9393.0
8113,2022-05-11,28.219611,204373.0,-6682.0
8113,2022-08-05,25.039813,217240.0,-8738.0
8113,2022-11-08,34.83885,232935.0,-8001.0
3382,2020-01-10,67.192386,1662309.0,-64107.0
3382,2020-05-28,54.615476,1668826.0,-83189.0
3382,2020-07-14,15.786391,1391828.0,-76035.0
3382,2020-10-14,66.348864,1396580.0,-59541.0
3382,2021-01-13,66.2184,1488400.0,-72603.0
3382,2021-05-28,54.673865,1489910.0,-89680.0
3382,2021-07-14,48.719717,1555371.0,-86142.0
3382,2021-10-14,71.88809,2091078.0,-86979.0
3382,2022-01-13,77.427412,2503023.0,-79491.0
3382,2022-05-27,40.648252,2600280.0,-84893.0
3382,2022-07-14,73.647009,2447317.0,-66606.0
3382,2022-10-14,80.447198,3204188.0,-76278.0
8267,2020-01-14,-12.039275,2096790.0,
8267,2020-05-25,39.418833,2217202.0,
8267,2020-07-15,-63.919591,2076278.0,
8267,2020-10-15,-4.240713,2194254.0,
8267,2021-01-14,-5.956458,2122006.0,
8267,2021-05-27,-9.976,2211372.0,
8267,2021-07-15,5.913857,2153215.0,
8267,2021-10-15,-0.488222,2191704.0,
8267,2022-01-14,-16.005502,2105648.0,
8267,2022-05-26,18.262294,2265390.0,
8267,2022-07-15,22.875766,2203227.0,
8267,2022-10-14,-1.568096,2283957.0,
8316,2020-02-18,130.616476,1020205.0,
8316,2020-06-26,-299.949616,-843341.0,
8316,2020-08-20,62.862888,761335.0,
8316,2020-12-03,134.290359,831944.0,
8316,2021-02-12,119.523886,629973.0,
8316,2021-06-29,185.017751,383737.0,
8316,2021-08-19,148.299946,862333.0,
8316,2021-12-07,184.432328,923499.0,
8316,2022-02-18,123.084812,942800.0,
8316,2022-06-29,-91.34831,82233.0,
8316,2022-08-12,184.143627,994279.0,
8316,2022-11-29,199.083011,1041836.0,
8308,2020-02-07,12.749232,182989.0,
8308,2020-06-23,20.099148,197829.0,
8308,2020-08-07,9.496665,155399.0,
8308,2020-11-20,15.051963,185852.0,
8308,2021-02-05,17.756252,198734.0,
8308,2021-06-25,11.895727,189385.0,
8308,2021-08-06,13.886849,184965.0,
8308,2021-11-09,19.267839,210992.0,
8308,2022-02-07,18.958633,173983.0,
8308,2022-06-28,-6.937398,178409.0,
8308,2022-08-05,14.231335,194300.0,
8308,2022-11-22,20.459251,217183.0,
8331,2020-02-10,17.690906,50814.0,
8331,2020-06-29,9.434406,50152.0,
8331,2020-08-11,17.464738,50762.0,
8331,2020-11-25,18.963036,51843.0,
8331,2021-02-10,18.113683,56510.0,
8331,2021-06-28,12.279938,50084.0,
8331,2021-08-06,20.614763,58223.0,
8331,2021-11-26,22.256095,52626.0,
8331,2022-02-10,18.16442,52659.0,
8331,2022-06-29,12.388184,49973.0,
8331,2022-08-08,22.924902,61244.0,
8331,2022-11-24,25.013824,63020.0,
8309,2020-02-13,127.983723,291911.0,
8309,2020-08-12,76.112843,256616.0,
8309,2020-09-15,24.176231,291024.0,
8309,2020-11-27,137.725542,285721.0,
8309,2021-02-10,124.209374,269234.0,
8309,2021-06-24,41.605147,250915.0,
8309,2021-08-12,135.500407,309998.0,
8309,2021-11-26,160.931447,288440.0,
8309,2022-02-10,82.327971,244443.0,
8309,2022-06-24,72.645773,280968.0,
8309,2022-08-10,172.486947,300784.0,
8309,2022-11-28,106.896439,293634.0,
8591,2020-02-13,66.639907,571701.0,-300239.0
8591,2020-06-30,46.221288,595950.0,-234135.0
8591,2020-08-13,40.078414,537641.0,-161757.0
8591,2020-11-13,35.149731,547097.0,-177833.0
8591,2021-02-12,39.000888,580956.0,-188896.0
8591,2021-06-29,41.310005,627014.0,-225467.0
8591,2021-08-13,53.650197,608813.0,-183333.0
8591,2021-11-12,67.506695,632721.0,-256101.0
8591,2022-02-10,54.00446,626579.0,-229768.0
8591,2022-06-29,84.388319,652252.0,-248094.0
8591,2022-08-10,51.897999,657813.0,-223427.0
8591,2022-11-10,50.600048,707003.0,-254596.0
8593,2020-02-14,21.220343,225529.0,
8593,2020-06-24,15.237013,229519.0,
8593,2020-08-07,15.382509,221355.0,
8593,2020-11-11,11.854039,206831.0,
8593,2021-02-12,18.25367,235599.0,
8593,2021-06-25,16.593744,230557.0,
8593,2021-08-13,22.804182,407735.0,
8593,2021-11-12,19.326064,425623.0,
8593,2022-02-10,10.633362,479629.0,
8593,2022-06-28,16.473857,452572.0,
8593,2022-08-10,22.316746,460347.0,
8593,2022-11-10,21.678031,484385.0,
8601,2020-02-07,10.129736,170661.0,
8601,2020-06-26,7.29507,160507.0,
8601,2020-08-07,11.547497,128476.0,
8601,2020-11-10,10.024294,128529.0,
8601,2021-02-10,16.415401,151504.0,
8601,2021-06-24,33.215803,167382.0,
8601,2021-08-11,15.453568,149836.0,
8601,2021-11-12,17.505526,154678.0,
8601,2022-02-10,17.658494,166602.0,
8601,2022-06-29,11.955225,148323.0,
8601,2022-08-09,8.005154,146604.0,
8601,2022-11-11,13.21808,192551.0,
8604,2020-02-14,18.0715,334978.0,-93718.0
8604,2020-06-30,-11.29,235470.0,-24016.0
8604,2020-08-14,46.767913,460747.0,-17460.0
8604,2020-11-25,22.127662,368998.0,-34345.0
8604,2021-02-15,32.160721,402092.0,-25986.0
8604,2021-06-25,-50.77,177035.0,-42084.0
8604,2021-08-26,16.122947,353275.0,-38924.0
8604,2021-11-15,1.038431,318866.0,-12919.0
8604,2022-02-14,19.663197,350965.0,-20486.0
8604,2022-06-24,10.106987,333784.0,-39002.0
8604,2022-08-19,0.56199,299028.0,-23422.0
8604,2022-11-14,5.587114,317958.0,-32547.0
8766,2020-02-14,52.278316,1334834.0,
8766,2020-06-26,15.773519,1393334.0,
8766,2020-08-07,47.382807,1308523.0,
8766,2020-11-19,-17.587891,1360102.0,
8766,2021-02-10,24.075632,1345986.0,
8766,2021-06-25,23.53467,1418683.0,
8766,2021-08-06,76.788098,1433908.0,
8766,2021-11-19,53.108452,1418732.0,
8766,2022-02-14,51.227138,1453909.0,
8766,2022-06-24,22.776609,1536145.0,
8766,2022-08-05,61.512196,1548933.0,
8766,2022-11-18,-18.900183,1696869.0,
8725,2020-02-14,185.33173,1398999.0,
8725,2020-06-25,-222.741378,803024.0,
8725,2020-08-07,170.281292,1497754.0,
8725,2020-11-19,-0.122241,1176463.0,
8725,2021-02-12,94.643935,1202263.0,
8725,2021-06-28,-10.07628,1008850.0,
8725,2021-08-06,212.849325,1246382.0,
8725,2021-11-19,10.941655,1233609.0,
8725,2022-02-14,144.171474,1198728.0,
8725,2022-06-27,106.055607,1440885.0,
8725,2022-08-05,110.525593,1223197.0,
8725,2022-11-18,-174.12574,1418564.0,
8630,2020-02-14,178.009881,871740.0,
8630,2020-06-26,37.823053,940670.0,
8630,2020-08-13,130.079692,1016319.0,
8630,2020-11-26,-21.458034,943230.0,
8630,2021-02-12,129.72982,905236.0,
8630,2021-06-25,159.866599,972720.0,
8630,2021-08-13,164.384217,1074098.0,
8630,2021-11-26,206.189266,1092019.0,
8630,2022-02-14,152.896639,977144.0,
8630,2022-06-24,119.729424,1020104.0,
8630,2022-08-12,122.074242,1264276.0,
8630,2022-11-28,-182.843302,1248077.0,
8801,2020-02-13,36.852242,406685.0,-124542.0
8801,2020-06-26,83.752207,610181.0,-100864.0
8801,2020-08-13,14.224618,407025.0,-88763.0
8801,2020-11-13,-4.911744,390376.0,-63742.0
8801,2021-02-09,93.381032,670634.0,-70584.0
8801,2021-06-29,31.897578,539519.0,-53248.0
8801,2021-08-12,35.744834,448703.0,
8801,2021-11-11,53.968224,548159.0,
8801,2022-02-10,38.728663,470044.0,
8801,2022-06-29,56.067898,633964.0,
8801,2022-08-10,55.674907,576716.0,
8801,2022-11-11,49.692009,480330.0,
8802,2020-02-14,28.352692,292005.0,-67885.0
8802,2020-06-26,45.914524,474965.0,-110445.0
8802,2020-08-14,21.861161,257481.0,-71345.0
8802,2020-11-13,16.192994,269831.0,-62622.0
8802,2021-02-12,28.271083,250571.0,-93374.0
8802,2021-06-29,35.016757,429711.0,-88443.0
8802,2021-08-12,25.933951,307402.0,-97962.0
8802,2021-11-12,15.410884,271621.0,-72417.0
8802,2022-02-14,23.935,325547.0,-46931.0
8802,2022-06-29,51.331386,444919.0,-111281.0
8802,2022-08-12,46.536134,305367.0,-81681.0
8802,2022-11-14,11.179745,289198.0,-64931.0
8830,2020-02-14,41.429557,188623.0,
8830,2020-06-29,59.370509,245451.0,
8830,2020-08-12,138.178119,315959.0,
8830,2020-11-13,66.765976,199163.0,
8830,2021-02-12,65.875566,190730.0,
8830,2021-06-30,27.507759,211620.0,
8830,2021-08-13,103.777068,250410.0,
8830,2021-11-12,88.448091,230558.0,
8830,2022-02-14,79.965987,232444.0,
8830,2022-06-30,45.258989,226018.0,
8830,2022-08-12,111.596875,243524.0,
8830,2022-11-14,86.846802,231347.0,
9005,2020-02-12,22.760167,287752.0,
9005,2020-06-26,-6.020975,296294.0,
9005,2020-08-12,-33.342162,209755.0,
9005,2020-11-10,-11.622401,224264.0,
9005,2021-02-10,1.057784,251836.0,
9005,2021-06-29,-49.174547,250072.0,
9005,2021-08-11,15.44488,199175.0,
9005,2021-11-09,24.71359,243877.0,
9005,2022-02-10,9.952793,211439.0,
9005,2022-06-29,-35.523698,224621.0,
9005,2022-08-10,12.081011,209182.0,
9005,2022-11-14,18.586022,225511.0,
9041,2020-02-14,54.203336,298402.0,
9041,2020-07-27,-56.96339,282413.0,
9041,2020-08-12,-126.175746,113925.0,
9041,2020-11-13,-39.006607,168039.0,
9041,2021-02-12,-21.247382,201388.0,
9041,2021-06-21,-130.190962,213851.0,
9041,2021-08-12,48.901555,124961.0,
9041,2021-11-12,14.207144,166718.0,
9041,2022-02-10,203.999326,217087.0,
9041,2022-06-20,-42.296326,182746.0,
9041,2022-08-12,59.059838,187192.0,
9041,2022-11-11,279.195103,435874.0,
9042,2020-02-10,46.772962,172945.0,
9042,2020-06-30,-16.956426,178972.0,
9042,2020-08-13,-78.021152,111286.0,
9042,2020-11-13,-16.95356,129732.0,
9042,2021-02-12,25.40846,153019.0,
9042,2021-06-17,-82.301318,174863.0,
9042,2021-08-13,13.297199,151977.0,
9042,2021-11-12,11.010537,158858.0,
9042,2022-02-10,53.828148,206327.0,
9042,2022-06-16,10.753357,229055.0,
9042,2022-08-10,69.833364,228993.0,
9042,2022-11-11,59.033729,238167.0,
9064,2020-02-12,88.428351,457598.0,
9064,2020-06-23,-23.295661,372422.0,
9064,2020-08-14,9.039929,392015.0,
9064,2020-11-13,28.810174,414052.0,
9064,2021-02-12,115.050592,489609.0,
9064,2021-06-18,-0.458122,400191.0,
9064,2021-08-13,31.547824,419841.0,
9064,2021-11-12,7.886282,445629.0,
9064,2022-02-10,89.341929,506916.0,
9064,2022-06-17,22.16734,421232.0,
9064,2022-08-10,0.88163,424159.0,
9064,2022-11-09,27.708768,459596.0,
9101,2020-02-13,15.036732,428522.0,
9101,2020-06-29,24.462332,415096.0,
9101,2020-08-07,23.068023,361170.0,
9101,2020-11-12,20.719578,360861.0,
9101,2021-02-10,59.579575,423912.0,
9101,2021-06-18,171.476399,462471.0,
9101,2021-08-06,298.241458,504611.0,
9101,2021-11-12,513.427287,546770.0,
9101,2022-02-10,554.237525,624577.0,
9101,2022-06-22,625.268101,604817.0,
9101,2022-08-05,677.224102,673050.0,
9101,2022-11-09,713.747894,692828.0,
9104,2020-02-12,63.6867,292919.0,
9104,2020-06-23,-44.214217,288135.0,
9104,2020-08-12,15.304686,251471.0,
9104,2020-11-11,69.011842,233215.0,
9104,2021-02-09,95.2067,246998.0,
9104,2021-06-22,71.468784,259742.0,
9104,2021-08-11,290.06832,288874.0,
9104,2021-11-10,475.802728,308213.0,
9104,2022-02-09,589.73,331413.0,
9104,2022-06-21,614.778631,340810.0,
9104,2022-08-09,791.962843,374783.0,
9104,2022-11-10,874.46,446554.0,
9107,2020-02-10,31.849501,194793.0,
9107,2020-06-23,-71.311147,168095.0,
9107,2020-08-07,-3.412957,152185.0,
9107,2020-11-09,37.824045,147916.0,
9107,2021-02-08,191.620297,168620.0,
9107,2021-06-23,162.415704,156765.0,
9107,2021-08-06,364.474892,174743.0,
9107,2021-11-15,514.693426,182813.0,
9107,2022-02-07,633.734664,198939.0,
9107,2022-06-23,782.952551,200488.0,
9107,2022-08-09,950.645674,228498.0,
9107,2022-11-14,1058.761622,254399.0,
9202,2020-02-13,88.661365,526185.0,
9202,2020-07-17,-175.747339,392050.0,
9202,2020-08-07,-325.290184,121608.0,
9202,2020-11-06,-238.104205,170226.0,
9202,2021-02-10,-336.99179,235780.0,
9202,2021-06-30,-203.378624,201069.0,
9202,2021-07-30,-108.769793,198911.0,-29012.0
9202,2021-11-05,-101.296929,232214.0,-45045.0
9202,2022-02-01,-8.506639,306921.0,-43276.0
9202,2022-06-21,-86.797688,282278.0,-3258.0
9202,2022-08-05,2.130391,350419.0,
9202,2022-11-08,39.418796,440297.0,
9432,2020-02-07,2.7428,2973140.0,-434462.0
9432,2020-06-24,0.642333,3036724.0,-492249.0
9432,2020-08-12,2.9404,2766457.0,-550280.0
9432,2020-11-09,2.8944,2944907.0,-363638.0
9432,2021-02-08,3.1284,3026642.0,-414196.0
9432,2021-06-25,0.934231,3205960.0,-467050.0
9432,2021-08-10,3.7548,2892570.0,-515771.0
9432,2021-11-11,3.716,2995077.0,-378841.0
9432,2022-02-08,3.9744,3035579.0,-400176.0
9432,2022-06-27,1.702105,3233221.0,-463257.0
9432,2022-08-09,4.1628,3068871.0,-526691.0
9432,2022-11-09,3.718,3217306.0,-357543.0
9501,2020-02-12,8.858345,1462315.0,
9501,2020-06-26,-239.750744,1603436.0,
9501,2020-08-12,18.61556,1341323.0,
9501,2020-11-11,74.139747,1492899.0,
9501,2021-02-12,-11.318811,1269678.0,
9501,2021-06-30,31.468138,1762924.0,
9501,2021-08-11,-1.891787,980074.0,
9501,2021-11-10,57.220091,1230671.0,
9501,2022-02-09,-49.210481,1292795.0,
9501,2022-06-29,-2.597725,1806384.0,
9501,2022-08-09,-41.857085,1476485.0,
9501,2022-11-11,-47.630014,2028817.0,
9502,2020-02-07,21.886692,708389.0,
9502,2020-06-26,14.279254,785210.0,
9502,2020-08-07,44.681081,682335.0,
9502,2020-11-06,106.863465,769599.0,
9502,2021-02-05,55.607204,660639.0,
9502,2021-06-28,-12.503719,822836.0,
9502,2021-08-06,44.607871,524934.0,
9502,2021-11-05,11.762076,635540.0,
9502,2022-02-04,-73.751142,666420.0,
9502,2022-06-29,-39.516125,878268.0,
9502,2022-08-03,27.169643,765963.0,
9502,2022-11-02,-83.581738,1013270.0,
9503,2020-02-13,25.459004,727111.0,
9503,2020-06-26,-6.617028,822951.0,
9503,2020-08-13,40.218823,701449.0,
9503,2020-11-12,83.400483,801346.0,
9503,2021-02-10,5.317267,681445.0,
9503,2021-06-28,-6.91957,908158.0,
9503,2021-08-12,17.094133,568844.0,
9503,2021-11-11,87.271011,690050.0,
9503,2022-02-10,-21.9545,690877.0,
9503,2022-06-29,13.720117,902123.0,
9503,2022-08-10,-12.811427,767567.0,
9503,2022-11-11,-72.769714,1016640.0,
9531,2020-02-07,12.035789,451603.0,
9531,2020-06-26,22.051554,563151.0,
9531,2020-08-14,37.083059,415654.0,
9531,2020-11-13,29.468853,412417.0,
9531,2021-02-15,36.391795,405434.0,
9531,2021-06-29,9.310657,531641.0,
9531,2021-08-16,35.924251,408211.0,
9531,2021-11-15,36.493892,464405.0,
9531,2022-02-14,4.556912,514890.0,
9531,2022-06-29,124.884541,757691.0,
9531,2022-08-15,88.063354,609939.0,
9531,2022-11-14,76.603477,751338.0,
9532,2020-02-13,3.249205,321516.0,
9532,2020-06-29,16.806722,394186.0,
9532,2020-08-07,52.015113,317261.0,
9532,2020-11-13,36.49089,321651.0,
9532,2021-02-12,50.058926,323971.0,
9532,2021-06-28,55.909121,401223.0,
9532,2021-08-06,75.820549,314353.0,
9532,2021-11-12,12.677072,336068.0,
9532,2022-02-10,19.293439,393347.0,
9532,2022-06-28,200.700913,543111.0,
9532,2022-08-01,26.946266,467119.0,
9532,2022-11-09,-98.498845,514441.0,
9602,2020-01-14,36.669475,57068.0,-3250.0
9602,2020-05-28,39.719783,61640.0,-2300.0
9602,2020-07-14,1.220573,33012.0,-3208.0
9602,2020-10-13,20.117744,40979.0,-1804.0
9602,2021-01-13,41.81491,63849.0,-3304.0
9602,2021-05-27,19.483845,54108.0,-1201.0
9602,2021-07-13,37.623323,57808.0,-4923.0
9602,2021-10-12,47.577221,60242.0,-11494.0
9602,2022-01-12,28.806149,50570.0,-7423.0
9602,2022-05-26,53.253764,59747.0,-3102.0
9602,2022-07-12,65.222521,61865.0,-4515.0
9602,2022-10-12,57.006714,58488.0,-5373.0
9735,2020-02-14,112.040126,262234.0,
9735,2020-06-25,97.397364,294062.0,
9735,2020-08-14,87.73012,239113.0,
9735,2020-11-13,60.532765,252089.0,
9735,2021-02-12,99.779292,261878.0,
9735,2021-06-25,94.12106,282818.0,
9735,2021-08-12,109.488085,244277.0,
9735,2021-11-12,110.490494,258381.0,
9735,2022-02-14,115.787385,263662.0,
9735,2022-06-28,95.50571,283539.0,
9735,2022-08-12,106.506558,246123.0,
9735,2022-11-14,96.663832,268985.0,
3626,2020-02-13,28.529478,102713.0,
3626,2020-06-25,35.688864,124708.0,
3626,2020-08-12,22.014657,100399.0,
3626,2020-11-12,18.97935,110909.0,
3626,2021-02-10,31.326379,106725.0,
3626,2021-06-25,38.197215,130350.0,
3626,2021-08-12,27.919439,113520.0,
3626,2021-11-11,33.955796,120812.0,
3626,2022-02-10,55.665741,118801.0,
3626,2022-06-27,40.235937,129414.0,
3626,2022-08-10,35.308054,118072.0,
3626,2022-11-11,41.279496,127233.0,
9766,2020-02-13,8.193291,72017.0,-35757.0
9766,2020-06-29,26.617335,69704.0,-12187.0
9766,2020-08-06,31.475553,52887.0,-4512.0
9766,2020-11-05,72.049271,63185.0,-5451.0
9766,2021-02-12,99.178634,75858.0,-6851.0
9766,2021-06-29,39.470458,80726.0,-6747.0
9766,2021-07-30,102.534994,68326.0,-5535.0
9766,2021-11-11,104.264854,71160.0,-5294.0
9766,2022-02-10,110.966587,75562.0,-6071.0
9766,2022-06-29,93.026889,84474.0,-6228.0
9766,2022-08-12,85.412413,71905.0,-19193.0
9766,2022-11-11,62.51063,76454.0,-6032.0
9843,2020-05-15,123.529045,160775.0,
9843,2020-06-30,226.730755,173780.0,
9843,2020-10-02,214.972247,188701.0,
9843,2020-12-28,238.949504,177665.0,
9843,2021-05-14,136.417219,176754.0,
9843,2021-06-30,257.95817,215461.0,
9843,2021-10-01,219.470076,199102.0,
9843,2021-12-24,193.490967,191596.0,
9843,2022-05-20,185.827385,205422.0,
9843,2022-07-01,220.850747,216648.0,
9843,2022-09-30,234.665345,206424.0,
9843,2022-12-23,133.377577,208697.0,
6920,2020-02-12,51.011355,14406.0,-78.0
6920,2020-05-13,7.951029,5653.0,-68.0
6920,2020-09-29,50.043933,16971.0,-106.0
6920,2020-11-12,35.097641,13165.0,-234.0
6920,2021-02-10,57.631103,19066.0,-283.0
6920,2021-05-13,56.72178,19714.0,-89.0
6920,2021-09-29,64.015945,18303.0,-165.0
6920,2021-11-11,17.376936,9110.0,-163.0
6920,2022-02-09,90.573402,27819.0,-142.0
6920,2022-05-12,36.205768,16636.0,-201.0
6920,2022-09-29,131.400326,36813.0,-254.0
6920,2022-11-10,74.639609,25723.0,-17346.0
9684,2020-02-10,68.939781,68953.0,
9684,2020-06-25,18.07345,70812.0,
9684,2020-08-12,120.472434,87054.0,
9684,2020-11-12,14.035881,85677.0,
9684,2021-02-08,19.470672,80912.0,
9684,2021-06-28,71.791736,78889.0,
9684,2021-08-11,105.976736,88604.0,
9684,2021-11-11,86.501686,80313.0,
9684,2022-02-09,140.938474,104710.0,
9684,2022-06-24,93.385506,91648.0,
9684,2022-08-08,153.449371,74876.0,
9684,2022-11-11,176.450928,88516.0,
9697,2020-02-04,15.077142,15636.0,-305.0
9697,2020-06-18,13.508576,28683.0,-681.0
9697,2020-08-03,36.604215,23722.0,-961.0
9697,2020-10-29,24.252927,18337.0,-239.0
9697,2021-01-29,21.217798,22808.0,-635.0
9697,2021-06-23,34.660421,30441.0,-470.0
9697,2021-07-29,81.218179,48423.0,-1518.0
9697,2021-10-28,22.852566,21572.0,-566.0
9697,2022-01-27,21.025859,18168.0,-518.0
9697,2022-06-24,27.377177,21891.0,-348.0
9697,2022-07-26,42.187551,25232.0,-1281.0
9697,2022-10-28,34.093243,23835.0,-400.0
1801,2020-02-10,112.636595,408276.0,
1801,2020-06-25,252.733992,576640.0,
1801,2020-08-06,62.684376,268784.0,
1801,2020-11-12,83.023833,325290.0,
1801,2021-02-09,127.180249,381021.0,
1801,2021-06-28,170.987609,505046.0,
1801,2021-08-06,21.104819,283237.0,
1801,2021-11-10,74.668664,344898.0,
1801,2022-02-09,103.20467,377832.0,
1801,2022-06-29,153.400034,537273.0,
1801,2022-08-08,31.912342,329537.0,
1801,2022-11-14,61.502504,389004.0,
3635,2020-02-10,11.48907,10112.0,
3635,2020-06-19,16.933477,15969.0,
3635,2020-08-11,20.069048,11363.0,
3635,2020-11-10,15.791681,11778.0,
3635,2021-02-08,31.296837,20808.0,
3635,2021-06-18,22.165083,16421.0,
3635,2021-08-10,40.276072,20520.0,
3635,2021-11-05,14.32207,16700.0,
3635,2022-02-14,30.506019,18107.0,
3635,2022-06-17,22.013695,17432.0,
3635,2022-08-05,21.43102,18653.0,
3635,2022-11-14,21.899107,16109.0,
9433,2020-02-05,79.458043,1338118.0,-91903.0
9433,2020-06-18,47.345765,1334645.0,-108705.0
9433,2020-08-05,79.272993,1242679.0,-121001.0
9433,2020-10-30,82.86,1294516.0,-89079.0
9433,2021-02-03,76.827149,1386579.0,-102565.0
9433,2021-06-24,45.028229,1388824.0,-102077.0
9433,2021-08-04,84.038782,1300264.0,-128745.0
9433,2021-11-04,76.207548,1324896.0,-97438.0
9433,2022-02-02,86.235807,1388666.0,-110647.0
9433,2022-08-03,87.013586,1351676.0,-144911.0
9433,2022-10-21,69.817969,1410773.5,-99808.5
9433,2022-11-08,74.074951,1389159.0,-67657.0
9020,2020-02-13,166.970468,747752.0,
9020,2020-06-23,-140.714186,679994.0,
9020,2020-08-06,-411.877127,332946.0,
9020,2020-11-11,-288.945377,454351.0,
9020,2021-02-10,-80.084204,518968.0,
9020,2021-06-22,-751.006993,458319.0,
9020,2021-08-05,-204.002691,433398.0,
9020,2021-11-10,-180.92208,444442.0,
9020,2022-02-09,162.915188,604954.0,
9020,2022-06-22,-29.68146,496173.0,
9020,2022-08-04,50.159256,557618.0,
9020,2022-11-09,21.694526,557455.0,
9962,2020-02-05,15.542269,78653.0,-6091.0
9962,2020-06-26,12.630978,77551.0,-2951.0
9962,2020-08-06,10.729167,70481.0,-4165.0
9962,2020-11-05,12.898499,72821.0,-3779.0
9962,2021-02-03,19.283057,79712.0,-2968.0
9962,2021-06-25,17.444971,87705.0,-3104.0
9962,2021-08-06,37.302821,90924.0,-3102.0
9962,2021-11-05,36.007376,91314.0,-4602.0
9962,2022-02-04,31.920171,91917.0,-4958.0
9962,2022-06-24,26.922928,92005.0,-3846.0
9962,2022-08-05,37.229291,93101.0,-2545.0
9962,2022-11-04,33.947296,95057.0,-2340.0
9983,2020-01-10,231.575795,623484.0,-14127.0
9983,2020-04-14,96.502628,585028.0,-9706.0
9983,2020-07-10,-32.057069,336411.0,-12141.0
9983,2020-11-27,-0.923965,463922.0,-10526.0
9983,2021-01-14,229.762517,619797.0,-14211.0
9983,2021-04-09,115.830768,583066.0,-14148.0
9983,2021-07-15,148.442254,495218.0,-13593.0
9983,2021-11-26,60.361466,434910.0,-14548.0
9983,2022-01-14,305.403861,627391.0,-14174.0
9983,2022-04-14,173.741915,591585.0,-12752.0
9983,2022-07-15,296.83741,546129.0,-15885.0
9983,2022-11-25,115.799575,536016.0,-8460.0
9984,2020-02-13,22.752301,2438080.0,-301446.0
9984,2020-08-11,619.71367,1450055.0,-149661.0
9984,2020-11-09,325.46,1350558.0,-189527.0
9984,2021-02-08,627.11,1507507.0,-149664.0
9984,2021-06-23,1067.165689,1490129.0,-158036.0
9984,2021-08-10,412.126609,1479134.0,-176615.0
9984,2021-11-08,-236.86,1504370.0,-358506.0
9984,2022-02-08,12.07,1597336.0,-155414.0
9984,2022-06-24,-1244.615163,1640694.0,-144538.0
9984,2022-08-08,-1943.06302,1572030.0,-170156.0
9984,2022-11-11,1915.6,1610447.0,-172502.0
2914,2020-03-19,18.064379,541878.0,-32912.0
2914,2020-04-30,48.689976,519620.0,-18798.0
2914,2020-07-31,48.54446,510598.0,-15672.0
2914,2020-10-30,48.162512,561879.0,-23198.0
2914,2021-03-25,29.480147,500464.0,-27651.0
2914,2021-04-30,64.131705,547366.0,-18977.0
2914,2021-07-30,62.784924,597173.0,-19406.0
2914,2021-10-29,64.030236,621536.0,-22612.0
2914,2022-03-23,-0.18202,558763.0,-25355.0
2914,2022-04-28,69.938345,581505.0,-16386.0
2914,2022-07-29,78.858933,685323.0,-16357.0
2914,2022-10-31,78.735623,741720.0,-19739.0
9613,2020-02-07,12.607495,564218.0,-41895.0
9613,2020-06-18,12.324429,624771.0,-63753.0
9613,2020-08-13,13.649207,530936.0,-38856.0
9613,2020-11-09,15.731918,549181.0,-42006.0
9613,2021-02-09,19.978623,578279.0,-40935.0
9613,2021-06-18,5.430307,660262.0,-41317.0
9613,2021-08-10,22.14761,590822.0,-41808.0
9613,2021-11-12,29.097065,621257.0,-42166.0
9613,2022-02-08,27.326329,636129.0,-43572.0
9613,2022-06-17,23.380179,703698.0,-47448.0
9613,2022-08-09,28.328909,677368.0,-46497.0
9613,2022-11-09,23.564014,694055.0,-42791.0
6869,2020-02-12,42.642472,75172.0,-2665.0
6869,2020-06-19,40.168201,83818.0,-3506.0
6869,2020-08-12,21.48545,60511.0,-1915.0
6869,2020-11-10,39.094216,71570.0,-2150.0
6869,2021-02-10,50.899378,79766.0,-2434.0
6869,2021-06-25,47.153514,93225.0,-3431.0
6869,2021-08-11,47.81271,79363.0,-2653.0
6869,2021-11-12,58.605429,89390.0,-1479.0
6869,2022-02-14,50.959708,90148.0,-6047.0
6869,2022-06-24,53.500066,104879.0,-2589.0
6869,2022-08-10,38.381752,86029.0,-3274.0
6869,2022-11-11,76.278193,107992.0,-3849.0
9435,2020-02-14,287.878127,129182.0,-4275.0
9435,2020-06-30,161.79932,135619.0,-3923.0
9435,2020-08-13,296.885556,129283.0,-3375.0
9435,2020-11-12,355.382167,136651.0,-3436.0
9435,2021-02-12,297.931695,139110.0,-4059.0
9435,2021-06-30,240.067127,154384.0,-4449.0
9435,2021-08-12,449.014848,134941.0,-4917.0
9435,2021-11-12,431.750643,138969.0,-4947.0
9435,2022-02-14,406.585414,143477.0,-4249.0
9435,2022-06-30,636.872868,160880.0,-3877.0
9435,2022-08-12,614.944193,143469.0,-4544.0
9435,2022-11-14,718.713737,166533.0,-5481.0
9021,2020-02-10,191.576492,389664.0,
9021,2020-06-24,-145.041761,356502.0,
9021,2020-08-07,-401.199765,163377.0,
9021,2020-11-10,-268.843748,226594.0,
9021,2021-02-10,-176.392753,255073.0,
9021,2021-06-24,-373.276709,253128.0,
9021,2021-08-10,-167.805066,201968.0,
9021,2021-11-10,-183.92025,234866.0,
9021,2022-02-10,59.877319,293156.0,
9021,2022-06-24,-243.101571,301113.0,
9021,2022-08-10,237.397293,297144.0,
9021,2022-11-10,27.269033,319561.0,
4661,2020-02-13,16.973707,141777.0,
4661,2020-06-26,-5.33837,74245.0,
4661,2020-08-13,-15.193917,6164.0,
4661,2020-11-13,-3.191057,52985.0,
4661,2021-02-12,0.834977,77964.0,
4661,2021-06-29,-15.551497,33468.0,
4661,2021-08-13,-3.700525,49821.0,
4661,2021-11-12,-4.966182,47747.0,
4661,2022-02-14,7.962407,92745.0,
4661,2022-06-29,5.629511,85415.0,
4661,2022-08-15,7.391508,98166.0,
4661,2022-11-14,8.764035,105877.0,
7532,2020-02-14,25.70224,430053.0,-6718.0
7532,2020-05-15,14.955012,406970.0,-8146.0
7532,2020-09-29,18.829356,416188.0,-8106.0
7532,2020-11-13,25.979209,418474.0,-11335.0
7532,2021-02-12,25.499279,434387.0,-7421.0
7532,2021-05-14,19.863199,415335.0,-8621.0
7532,2021-09-29,13.587551,440439.0,-13068.0
7532,2021-11-12,19.880524,445474.0,-10272.0
7532,2022-02-14,29.75391,472206.0,-11435.0
7532,2022-05-13,26.550054,452799.0,-12064.0
7532,2022-09-28,26.73797,460801.0,-12806.0
7532,2022-11-14,30.937386,473694.0,-18921.0
9022,2020-02-04,665.456918,492395.0,
9022,2020-06-23,49.714201,396641.0,
9022,2020-08-07,-369.958113,128734.0,
9022,2020-11-11,-208.215223,209154.0,
9022,2021-02-03,10.549641,265195.0,
9022,2021-06-23,-457.78879,220434.0,
9022,2021-08-05,-144.527586,180628.0,
9022,2021-11-10,-81.367194,206321.0,
9022,2022-02-04,163.257791,299440.0,
9022,2022-06-23,-201.230573,248750.0,
9022,2022-08-03,238.827252,309342.0,
9022,2022-11-09,253.80191,324797.0,
4684,2020-02-13,94.187267,20057.0,-239.0
4684,2020-06-29,85.1148,20372.0,-4084.0
4684,2020-08-06,110.139968,20106.0,-460.0
4684,2020-11-06,104.66501,20909.0,-376.0
4684,2021-02-05,107.318173,21527.0,-154.0
4684,2021-06-30,105.092214,21320.0,-95.0
4684,2021-08-06,121.325971,21098.0,-677.0
4684,2021-11-05,118.0406,22461.0,-748.0
4684,2022-02-04,125.567806,23095.0,-188.0
4684,2022-06-30,125.034018,22822.0,-207.0
4684,2022-08-05,148.063861,24106.0,-355.0
4684,2022-11-04,132.770235,24970.0,-391.0
4689,2020-02-13,5.013865,275469.0,20300.0
4689,2020-06-22,1.389676,293329.0,-34361.0
4689,2020-08-07,4.776953,273879.0,-7525.0
4689,2020-11-09,4.846669,283344.0,-6053.0
4689,2021-02-08,4.414825,316592.0,-7806.0
4689,2021-06-17,0.572165,332031.0,-7194.0
4689,2021-08-10,3.5045,373352.0,-12183.0
4689,2021-11-09,3.634557,377610.0,-15924.0
4689,2022-02-07,1.658078,409174.0,-11853.0
4689,2022-06-16,1.393218,407285.0,-11812.0
4689,2022-08-12,3.367351,390565.0,-17221.0
4689,2022-11-09,2.011524,394343.0,-27612.0
4704,2020-03-26,40.432417,44262.0,-641.0
4704,2020-05-13,63.676531,42125.0,-566.0
4704,2020-08-13,44.995458,41686.0,-290.0
4704,2020-11-13,27.701259,43218.0,-369.0
4704,2021-03-25,57.039659,47032.0,-334.0
4704,2021-05-14,63.236297,44594.0,-332.0
4704,2021-08-13,55.244015,46735.0,-550.0
4704,2021-11-12,65.733663,47851.0,-576.0
4704,2022-03-29,90.941269,51179.0,-698.0
4704,2022-05-13,61.102955,50427.0,-269.0
4704,2022-08-10,46.015448,54875.0,-214.0
4704,2022-11-11,96.74043,56798.0,-482.0
9437,2020-02-05,51.9,1186034.0,-88503.0
9437,2020-06-17,15.158974,1135253.0,-69859.0
9437,2020-08-07,60.48,1098151.0,-129062.0
9437,2020-11-05,60.71,1184369.0,-75525.0
4716,2020-01-10,85.727232,49980.0,
4716,2020-04-13,88.088283,51402.0,
4716,2020-08-21,121.947418,62470.0,
4716,2020-10-14,78.390955,47629.0,
4716,2020-12-22,100.152952,52617.0,
4716,2021-04-12,90.167453,49452.0,
4716,2021-08-20,115.209504,58825.0,
4716,2021-10-11,91.90025,50388.0,
4716,2022-01-11,93.040321,51696.0,
4716,2022-04-11,94.497038,51422.0,
4716,2022-08-24,120.098912,61185.0,
4716,2022-10-12,88.38839,51018.0,
4922,2020-02-12,117.12217,78261.0,
4922,2020-06-26,31.712918,78690.0,
4922,2020-08-11,27.891239,60057.0,
4922,2020-11-10,26.33009,70233.0,
4922,2021-02-10,97.954318,73845.0,
4922,2021-06-29,57.932654,75254.0,
4922,2021-08-10,41.684926,58770.0,
4922,2021-11-10,54.006205,64163.0,
4922,2022-05-13,25.188872,59013.0,
4922,2022-08-10,130.510227,71591.0,
4922,2022-11-14,86.900129,70283.0,
4755,2020-03-27,-13.10595,358151.0,-25357.0
4755,2020-05-13,-26.031332,331443.0,-69688.0
4755,2020-08-11,5.765988,347325.0,-57769.0
4755,2020-11-12,-32.496215,361422.0,-62111.0
4755,2021-03-30,-31.371282,415348.0,-89710.0
4755,2021-05-13,-18.366041,391513.0,-71197.0
4755,2021-08-11,-25.546448,402158.0,-80635.0
4755,2021-11-11,-16.983879,406903.0,-56849.0
4755,2022-03-30,-26.279452,481183.0,-78178.0
4755,2022-05-13,-57.759552,437127.0,-71319.0
4755,2022-08-10,-53.718325,456471.0,-93497.0
4755,2022-11-11,-51.295692,471110.0,-62687.0
4768,2020-03-27,59.377323,219438.0,-627.0
4768,2020-05-14,57.394212,224329.0,-795.0
4768,2020-08-11,52.251834,208614.0,-686.0
4768,2020-11-12,40.521938,188274.0,-967.0
4768,2021-03-29,48.839459,201690.0,-744.5
4768,2021-05-13,60.579849,239350.0,-708.0
4768,2021-08-11,64.192699,227275.0,-2734.0
4768,2021-11-11,33.0378,185521.0,-329.0
4768,2022-03-31,42.905939,192634.5,-880.5
4768,2022-05-12,55.479665,210069.0,-247.0
4768,2022-08-10,65.026028,235267.0,-223.0
4768,2022-11-14,36.344745,196863.0,-717.0
8411,2020-02-14,45.851379,631305.0,
8411,2020-06-26,17.588669,512790.0,
8411,2020-08-14,48.253537,683265.0,
8411,2020-11-27,36.736215,551824.0,
8411,2021-02-01,54.777478,639497.0,
8411,2021-06-24,45.989826,580703.0,
8411,2021-08-13,98.819565,651051.0,
8411,2021-11-12,53.302519,751432.0,
8411,2021-11-30,53.302552,670501.0,
8411,2022-02-14,36.690439,533670.0,
8411,2022-06-22,20.445667,633379.0,
8411,2022-08-12,62.857359,643947.0,
8411,2022-11-16,68.91974,714739.0,
8411,2022-12-01,68.919787,715772.0,
8421,2020-02-13,862.37456,36832.0,
8421,2020-06-29,624.75571,53240.0,
8421,2020-08-13,1976.529697,41734.0,
8421,2020-11-26,1374.581819,38821.0,
8421,2021-02-10,631.762037,42361.0,
8421,2021-06-29,418.441727,50884.0,
8421,2021-08-12,2295.09399,63713.0,
8421,2021-11-26,1579.106952,41732.0,
8421,2022-02-10,757.57779,34923.0,
8421,2022-06-29,409.497479,38607.0,
8421,2022-08-10,2338.324521,70037.0,
8421,2022-11-28,1531.702439,42358.0,
8306,2020-02-14,-1.990612,1227799.0,
8306,2020-07-10,-21.570521,58920.0,
8306,2020-08-14,14.289655,1254919.0,
8306,2020-12-29,46.102524,1280461.0,
8306,2021-02-12,-13.253208,816214.0,
8306,2021-07-09,39.525031,842165.0,
8306,2021-08-13,29.836812,1303938.0,
8306,2021-11-29,31.028338,1327898.0,
8306,2022-02-14,22.560724,1235387.0,
8306,2022-07-08,-90.798315,-1003745.0,
8306,2022-08-02,9.032011,1817412.0,
8306,2022-11-29,9.47415,1458367.0,
8952,2020-08-21,5686.956851,17992.557,
8952,2020-12-25,5630.480215,17431.8835,
8952,2021-07-16,5616.758108,17422.739,
8952,2021-12-24,6087.791381,18439.313,
8951,2020-05-08,5505.311614,19438.0,
8951,2021-02-16,5493.271954,19282.5,
8951,2021-05-13,5762.279452,20442.0,
8951,2021-12-01,6482.904689,22941.5,
8951,2022-06-03,6573.978819,25011.5,
8951,2022-09-29,7499.174586,25531.0,
4324,2020-03-27,-307.602507,301271.0,-10115.0
4324,2020-05-27,55.882674,252737.0,-5214.0
4324,2020-08-13,1.563476,206344.0,-5123.0
4324,2020-11-25,-19.578639,217280.0,-5200.0
4324,2021-03-26,-603.825224,262881.0,-5937.0
4324,2021-05-14,17.364196,248850.0,-5529.0
4324,2021-08-11,110.970902,243863.0,-5065.0
4324,2021-11-12,236.430827,281834.0,-4906.0
4324,2022-03-30,24.168755,311044.0,-5536.0
4324,2022-05-16,87.47891,287645.0,-3698.0
4324,2022-08-28,68.973838,288388.0,-4240.0
4324,2022-11-14,60.11032,309080.0,-4487.0
4307,2020-02-13,24.757657,131392.0,-1238.0
4307,2020-06-23,22.945603,138328.0,-1111.0
4307,2020-08-13,21.149439,131154.0,-3089.0
4307,2020-11-12,22.423684,135146.0,-1747.0
4307,2021-02-10,31.33935,138166.0,-1213.0
4307,2021-06-22,13.449683,145871.0,-1585.0
4307,2021-08-12,30.564227,142647.0,-1362.0
4307,2021-11-11,30.691422,149327.0,-614.0
4307,2022-02-10,30.231392,155973.0,-1574.0
4307,2022-06-21,29.063363,163687.0,-3274.0
4307,2022-08-12,31.802186,167537.0,-2632.0
4307,2022-11-10,28.907065,171516.0,-2889.0
8795,2020-02-14,24.252814,550097.0,
8795,2020-06-25,27.126619,549125.0,
8795,2020-08-07,113.964367,576622.0,
8795,2020-11-26,77.833779,577177.0,
8795,2021-02-12,42.973884,551394.0,
8795,2021-06-17,36.156483,665905.0,
8795,2021-08-10,-55.273849,566076.0,
8795,2021-11-25,108.937323,533802.0,
8795,2022-02-14,39.868189,568045.0,
8795,2022-06-16,-70.075227,80624.0,
8795,2022-08-10,-105.852059,624454.0,
8795,2022-11-24,-159.658873,614478.0,
6724,2020-02-04,35.46663,279849.0,-12004.0
6724,2020-07-07,-48.54749,247644.0,-15165.0
6724,2020-08-04,-0.711095,193217.0,-14906.0
6724,2020-11-02,12.943356,245900.0,-14490.0
6724,2021-02-01,46.419002,278831.0,-8180.0
6724,2021-07-09,30.721572,277992.0,-9928.0
6724,2021-08-03,50.560141,282159.0,-9409.0
6724,2021-11-02,54.926951,268437.0,-9012.0
6724,2022-02-01,72.296816,296145.0,-8492.0
6724,2022-06-30,88.935064,282171.0,-11689.0
6724,2022-08-02,77.102702,297874.0,-10750.0
6724,2022-11-01,68.876254,335253.0,-11649.0
6723,2020-03-27,0.876037,192002.0,-8480.0
6723,2020-05-12,6.598713,178743.0,-5599.0
6723,2020-08-05,6.950691,166672.0,-4888.0
6723,2020-11-05,8.891636,178678.0,-5418.0
6723,2021-03-31,4.138091,191580.0,-6356.0
6723,2021-05-14,7.915239,203678.0,-4608.0
6723,2021-08-04,13.556902,217875.0,-7286.0
6723,2021-11-11,19.504694,258433.0,-11022.0
6723,2022-04-03,26.673312,314432.0,-14022.0
6723,2022-05-12,30.742933,346696.0,-15343.0
6723,2022-08-10,26.147813,376620.0,-15588.0
6723,2022-11-04,41.791422,387132.0,-18043.0
8697,2020-02-13,21.933322,29496.0,-583.0
8697,2020-06-16,26.691318,36255.0,9.0
8697,2020-08-13,22.56875,32666.0,-2213.0
8697,2020-11-13,21.867019,31167.0,-198.0
8697,2021-02-12,25.356727,33439.0,-218.0
8697,2021-06-09,26.205229,36070.0,-251.0
8697,2021-08-13,23.022243,32503.0,-473.0
8697,2021-11-12,23.200685,33003.0,-562.0
8697,2022-02-10,25.492485,35079.0,-642.0
8697,2022-06-09,22.634957,34846.0,-667.0
8697,2022-08-12,22.930402,33576.0,-84.0
8697,2022-11-11,21.072476,32910.0,-58.0
2413,2020-02-13,9.965325,34774.0,-567.0
2413,2020-06-30,7.440847,34654.0,-484.0
2413,2020-08-07,9.529923,35478.0,-575.0
2413,2020-11-13,12.146176,39544.0,-52.0
2413,2021-02-12,17.682723,48728.0,-367.0
2413,2021-06-28,16.370474,45448.0,-236.0
2413,2021-08-06,23.232704,46403.0,-125.0
2413,2021-11-05,36.861407,51244.0,-629.0
2413,2022-02-10,22.660004,56521.0,-442.0
2413,2022-06-29,11.30811,53990.0,-509.0
2413,2022-08-05,17.863635,56996.0,-794.0
2413,2022-11-11,17.57743,55621.0,-747.0
1605,2020-05-13,22.99134,249669.0,
1605,2020-08-11,-105.718778,142014.0,
1605,2020-11-09,-3.169419,201115.0,
1605,2021-03-26,9.401423,178248.0,
1605,2021-05-14,26.149076,243697.0,
1605,2021-08-12,9.450035,254700.0,
1605,2021-11-08,58.71769,350817.0,
1605,2022-03-28,60.179748,395155.0,
1605,2022-05-12,67.858468,485391.0,
1605,2022-08-10,65.199242,613085.0,
1605,2022-11-09,60.550744,600267.0,
3769,2020-02-13,23.504072,9030.0,-191.0
3769,2020-05-13,22.817189,9356.0,-158.0
3769,2020-08-12,31.826611,8623.0,
3769,2020-12-21,25.466709,8928.0,-48.0
3769,2021-02-12,23.14783,9767.0,-46.0
3769,2021-05-13,33.149266,10121.0,0.0
3769,2021-08-11,36.80365,10646.0,-159.0
3769,2021-12-20,24.797447,11132.0,-40.0
3769,2022-02-14,33.187175,11857.0,-111.0
3769,2022-05-13,39.568817,12201.0,-45.0
3769,2022-08-12,205.821141,12897.0,-45.0
3769,2022-12-19,39.858892,13342.0,-120.0
3038,2020-01-31,12.872673,79265.0,
3038,2020-03-13,16.55318,81597.0,
3038,2020-06-15,18.519722,94472.0,
3038,2020-09-11,19.072633,83293.0,
3038,2021-01-29,15.711063,81508.0,
3038,2021-03-16,21.285263,85045.0,
3038,2021-06-14,25.603663,91392.0,
3038,2021-09-14,21.940764,90937.0,
3038,2022-01-28,21.658383,94690.0,
3038,2022-03-15,23.477041,96809.0,
3038,2022-06-14,27.089648,101352.0,
3038,2022-09-13,22.397518,101855.0,
5019,2020-02-14,65.070587,1560642.0,
5019,2020-06-25,-294.836947,1485177.0,
5019,2020-08-07,-273.628225,982826.0,
5019,2020-11-11,165.586283,1032891.0,
5019,2021-02-10,82.748297,1195601.0,
5019,2021-06-23,142.75286,1345302.0,
5019,2021-08-10,297.30748,1302263.0,
5019,2021-11-10,182.730086,1564745.0,
5019,2022-02-09,192.47923,1780177.0,
5019,2022-06-23,267.640311,2039576.0,
5019,2022-08-10,603.161095,2204695.0,
5019,2022-11-09,341.305663,2609393.0,
3064,2020-03-27,6.505084,34810.0,
3064,2020-05-12,6.372216,36933.0,
3064,2020-08-07,6.791227,38348.0,
3064,2020-11-09,7.348816,39556.0,
3064,2021-03-29,7.205863,42500.0,
3064,2021-05-12,8.534305,46017.0,
3064,2021-08-10,8.260423,45851.0,
3064,2021-11-10,7.944348,46582.0,
3064,2022-03-30,10.589109,51281.0,
3064,2022-05-12,9.477328,54610.0,
3064,2022-08-10,9.274059,55253.0,
3064,2022-11-10,7.651406,56130.0,
8729,2020-02-14,33.186913,504851.0,
8729,2020-06-25,44.916985,370283.0,
8729,2020-08-12,30.173612,502034.0,
8729,2020-11-20,34.139199,503207.0,
8729,2021-06-29,22.069689,573424.0,-377.0
3092,2020-02-14,13.930779,34645.0,
3092,2020-06-12,21.723238,33630.0,
3092,2020-08-14,23.98007,33674.0,
3092,2020-11-13,21.686581,32818.0,
3092,2021-02-12,32.033861,41988.0,
3092,2021-06-14,23.601347,38922.0,
3092,2021-08-13,28.90858,38866.0,
3092,2021-11-12,26.213695,37346.0,
3092,2022-02-14,33.729297,47566.0,
3092,2022-06-14,26.146357,42421.0,
3092,2022-08-15,33.221978,42590.0,
3092,2022-11-14,30.37314,41177.0,
8750,2020-08-12,36.167444,1633881.0,
8750,2020-10-09,-84.11125,1627205.0,
8750,2020-11-27,37.961203,1577846.0,
8750,2021-02-12,73.754905,1711574.0,
8750,2021-08-11,125.405113,1930786.0,
8750,2021-10-13,178.856542,2382202.0,
8750,2021-11-12,37.09008,1807008.0,
8750,2022-02-14,108.241069,1805341.0,
8750,2022-06-21,112.788166,2160668.0,
8750,2022-08-10,79.165556,2420492.0,
8750,2022-11-14,26.441404,2517141.0,
4578,2020-03-30,28.826861,367482.0,-13067.0
4578,2020-05-28,69.541003,339560.0,-12710.0
4578,2020-08-11,90.537453,355882.0,-13807.0
4578,2020-11-13,75.515637,371516.0,-10237.0
4578,2021-03-08,37.558073,355867.0,
4578,2021-05-14,82.388343,336789.0,-13680.0
4578,2021-08-06,86.14777,382026.0,-12993.0
4578,2021-11-12,64.970501,388602.0,-9970.0
4578,2022-03-31,-2.184766,390859.0,-15810.0
4578,2022-05-13,42.874973,380308.0,-13589.0
4578,2022-08-03,85.700804,433998.0,-17077.0
4578,2022-11-02,76.066144,451811.0,-14234.0
3659,2020-03-26,3.683757,49243.0,-386.0
3659,2020-05-14,56.574098,82762.0,-371.0
3659,2020-08-07,22.36643,64466.0,-511.0
3659,2020-11-11,18.44737,79412.0,-662.0
3659,2021-03-26,-33.605217,66384.0,-798.0
3659,2021-05-13,51.854484,88313.0,-374.0
3659,2021-08-11,10.075172,56009.0,-448.0
3659,2021-11-10,42.442131,75890.0,-236.0
3659,2022-03-28,24.586777,54250.0,-527.0
3659,2022-05-13,45.347338,91034.0,-415.0
3659,2022-08-10,28.10014,84122.0,-508.5
3659,2022-11-10,50.070202,97463.0,-1068.0
9201,2020-02-03,73.435919,371028.0,
9201,2020-06-22,-67.797212,280358.0,
9201,2020-08-04,-278.056538,76391.0,-25789.0
9201,2020-11-02,-200.35,118399.0,-12679.0
9201,2021-02-02,-133.85,161756.0,-34678.0
9201,2021-06-18,-171.713302,124677.0,-16540.0
9201,2021-08-04,-132.535634,133032.0,-46581.0
9201,2021-11-04,-107.68,157614.0,-52270.0
9201,2022-02-03,-53.42,207832.0,-33922.0
9201,2022-06-22,-112.650369,184233.0,-28533.0
9201,2022-08-02,-44.759008,268896.0,-35415.0
9201,2022-11-02,39.93,349626.0,-21289.0
3283,2020-01-20,1967.559642,9885.6305,
3283,2020-02-27,1998.390746,10840.12,
3283,2020-09-15,1238.297968,11327.698,
3283,2021-02-26,2826.012328,11805.4125,
3283,2021-08-30,2088.04409,12277.038,
3283,2022-03-05,2130.896062,12705.3575,
3283,2022-08-31,2125.392252,13429.909,
3285,2020-05-26,1321.323348,18463.6785,
3462,2020-05-26,1321.323348,18463.6785,
3285,2020-11-26,1357.263454,18788.712,
3462,2020-11-26,1357.263454,18788.712,
3285,2021-05-26,1380.281854,19032.303,
3462,2021-05-26,1380.281854,19032.303,
3285,2021-11-29,1318.518938,18759.6335,
3462,2021-11-29,1318.518938,18759.6335,
3285,2022-05-31,1312.510816,18760.47,
3462,2022-05-31,1312.510816,18760.47,
3285,2022-12-01,1431.467276,19511.226,
3462,2022-12-01,1431.467276,19511.226,
2587,2020-03-30,35.880259,318799.0,-14522.0
2587,2020-05-13,41.184466,277244.0,-16969.0
2587,2020-08-12,26.524272,275284.0,-14169.0
2587,2020-11-12,85.2589,333669.0,-13800.0
2587,2021-03-30,16.003236,291938.0,-17547.0
2587,2021-05-13,34.524272,269791.0,-11214.0
2587,2021-08-13,69.546926,334043.0,-11268.0
2587,2021-11-12,88.184466,337986.0,-14814.0
2587,2022-03-18,29.993528,327096.0,-18826.0
2587,2022-05-13,39.970877,296010.0,-12156.0
2587,2022-08-10,117.744355,382999.0,-14952.0
2587,2022-11-14,62.411018,402384.0,-13744.0
8686,2020-02-21,1.064964,5603.0,
8686,2020-04-30,0.781372,5162.0,
8686,2020-07-29,1.121343,5407.0,
8686,2020-10-29,3.450901,5665.0,
8686,2021-02-23,1.358028,5913.0,
8686,2021-04-29,1.876801,5869.0,
8686,2021-07-29,1.629673,5564.0,
8686,2021-10-28,1.327826,5237.0,
8686,2022-02-23,1.576392,5436.0,
8686,2022-04-29,1.588295,5272.0,
8686,2022-08-02,2.166356,5400.0,
8686,2022-11-02,2.535949,4820.0,
6098,2020-02-14,31.646659,608514.0,-9055.0
6098,2020-06-30,8.095294,589749.0,-9057.0
6098,2020-08-26,13.540234,475488.0,-5324.0
6098,2020-11-16,24.380113,569132.0,-3928.0
6098,2021-02-15,33.394036,611578.0,-3220.0
6098,2021-06-18,8.434535,613147.0,-1543.0
6098,2021-08-12,47.642356,664712.0,-4761.0
6098,2021-11-15,53.421699,701194.0,-2163.0
6098,2022-02-14,50.947945,746056.0,-2117.0
6098,2022-06-22,29.651665,759742.0,-4092.0
6098,2022-08-12,52.479956,843175.0,-4203.0
6098,2022-11-14,52.955028,878473.0,-4741.0
7182,2020-02-14,17.387463,356694.0,
7182,2020-06-18,16.905183,356375.0,
7182,2020-08-14,8.86154,315058.0,
7182,2020-11-25,24.27615,389576.0,
7182,2021-02-12,27.241051,426675.0,
7182,2021-06-21,14.3477,376570.0,
7182,2021-08-11,32.229744,457124.0,
7182,2021-11-26,30.543536,422996.0,
7182,2022-02-14,13.954658,344921.0,
7182,2022-06-20,17.989014,360075.0,
7182,2022-08-10,23.692317,369061.0,
7182,2022-11-25,18.632978,363160.0,
6178,2020-02-14,45.856148,3058484.0,
6178,2020-06-18,15.26666,2865399.0,
6178,2020-08-14,19.485875,2772180.0,
6178,2020-11-25,24.772225,2820920.0,
6178,2021-02-12,52.199604,3040884.0,
6178,2021-06-21,6.98057,3024938.0,
6178,2021-08-11,39.985541,2855275.0,
6178,2021-11-26,27.993546,2865966.0,
6178,2022-02-14,36.843623,2755751.0,
6178,2022-06-20,26.57442,2731699.0,
6178,2022-08-10,32.460091,2711788.0,
6178,2022-11-25,24.284269,2716676.0,
7181,2020-02-14,68.803408,1011503.0,
7181,2020-06-18,63.437678,983943.0,
7181,2020-08-14,83.085298,981041.0,
7181,2020-11-25,83.466386,964230.0,
7181,2021-02-12,62.837818,913384.0,
7181,2021-06-21,65.942193,956014.0,
7181,2021-08-11,84.753081,919162.0,
7181,2021-11-26,98.425935,904159.0,
7181,2022-02-14,97.573978,833835.0,
7181,2022-06-20,96.338887,870414.0,
7181,2022-08-10,29.117584,828397.0,
7181,2022-11-25,92.889446,868628.0,
3938,2020-03-27,-53.972521,60916.0,-1436.0
3938,2020-05-13,-34.550272,58968.0,
3938,2020-05-14,-34.550272,59073.0,-3719.0
3938,2020-08-06,-49.416208,58273.0,
3938,2020-08-07,-49.416208,58378.0,-5665.0
3938,2020-11-06,-37.355424,62894.0,-4667.0
9143,2020-02-10,25.268331,307861.0,
9143,2020-06-26,14.634253,277928.0,
9143,2020-08-07,27.114844,317632.0,
9143,2020-11-06,29.354212,317423.0,-11791.5
9143,2021-02-09,40.719494,347178.0,
9143,2021-06-28,17.604702,330061.0,
9143,2021-08-06,32.511314,347543.0,
9143,2021-11-05,31.346716,363027.0,-9695.0
9143,2022-02-09,63.211135,440586.0,
9143,2022-06-29,42.113995,421735.0,
9143,2022-08-09,36.892503,386938.0,
9143,2022-11-09,44.876749,364374.0,
9434,2020-02-12,22.969444,1244856.0,-102227.0
9434,2020-06-25,7.697846,1243287.0,-105677.0
9434,2020-08-12,32.061162,1172644.0,-109058.0
9434,2020-11-12,34.290755,1255783.0,-140132.0
9434,2021-02-10,25.097563,1378608.0,-115783.0
9434,2021-06-24,12.245045,1398502.0,-114549.0
9434,2021-08-12,32.184087,1356574.0,-124779.0
9434,2021-11-11,33.270472,1367660.0,-340622.0
9434,2022-02-09,24.150946,1449595.0,-124537.0
9434,2022-06-24,20.548291,1516777.0,-119154.0
9434,2022-08-10,27.282803,1361999.0,-158195.0
9434,2022-11-10,23.007989,1446556.0,-160843.0
8750,2020-02-14,,1649363.0,
